FIPS,Sex,Race/ethnicity,Age,2020,2021,2022,2023,2024,2025
6000,FEMALE,WHITE NH,0,56360,63314,63462,59878,63394,62889
6000,FEMALE,WHITE NH,1,54277,56230,63180,63304,59578,63088
6000,FEMALE,WHITE NH,2,54357,54636,56925,63925,64054,59525
6000,FEMALE,WHITE NH,3,55488,54201,55021,57248,64432,64149
6000,FEMALE,WHITE NH,4,56853,55509,54185,54971,57611,64558
6000,FEMALE,WHITE NH,5,57535,56930,55654,54354,54880,57497
6000,FEMALE,WHITE NH,6,57690,57822,57022,55591,54417,55245
6000,FEMALE,WHITE NH,7,57420,57986,58185,57068,55846,54455
6000,FEMALE,WHITE NH,8,56894,57514,58074,58135,57057,56077
6000,FEMALE,WHITE NH,9,56955,56870,57418,57851,58196,56941
6000,FEMALE,WHITE NH,10,57674,57335,56657,57193,58054,58160
6000,FEMALE,WHITE NH,11,58522,57676,57458,56363,57081,57881
6000,FEMALE,WHITE NH,12,61235,58393,57701,57493,56388,56840
6000,FEMALE,WHITE NH,13,62001,61051,58040,58234,57611,56660
6000,FEMALE,WHITE NH,14,62244,62104,61096,57964,58273,57489
6000,FEMALE,WHITE NH,15,62204,61910,61895,61170,57866,58052
6000,FEMALE,WHITE NH,16,63161,61886,61815,61985,61013,57831
6000,FEMALE,WHITE NH,17,63444,63603,62153,62172,62339,61173
6000,FEMALE,WHITE NH,18,68332,77629,78947,78706,77637,77229
6000,FEMALE,WHITE NH,19,64647,74247,84947,86798,87213,86001
6000,FEMALE,WHITE NH,20,64625,63366,71932,82702,84521,84527
6000,FEMALE,WHITE NH,21,64498,61629,61996,68894,79597,81639
6000,FEMALE,WHITE NH,22,66509,61698,59088,58430,65396,77166
6000,FEMALE,WHITE NH,23,69816,64898,59338,56271,56021,63393
6000,FEMALE,WHITE NH,24,72268,69491,64175,56822,53603,53790
6000,FEMALE,WHITE NH,25,77751,71506,68488,64186,56075,53095
6000,FEMALE,WHITE NH,26,81793,76085,67821,64579,61121,53606
6000,FEMALE,WHITE NH,27,83098,83235,76216,69025,65771,61371
6000,FEMALE,WHITE NH,28,89628,83682,83742,76745,69812,65873
6000,FEMALE,WHITE NH,29,95260,90263,84339,85278,78367,70801
6000,FEMALE,WHITE NH,30,98178,95510,91435,85564,86363,79378
6000,FEMALE,WHITE NH,31,97113,99583,96155,92918,86923,88034
6000,FEMALE,WHITE NH,32,96020,98193,99195,96950,93677,88005
6000,FEMALE,WHITE NH,33,92761,96592,98799,100538,97533,94320
6000,FEMALE,WHITE NH,34,92953,93047,96727,99298,101531,98403
6000,FEMALE,WHITE NH,35,91966,93158,93057,97109,99852,102017
6000,FEMALE,WHITE NH,36,91217,92996,93894,93880,98176,100459
6000,FEMALE,WHITE NH,37,90685,92913,93491,94613,94371,98793
6000,FEMALE,WHITE NH,38,88752,90723,93152,93775,95108,94793
6000,FEMALE,WHITE NH,39,87542,88523,90332,94069,93985,95052
6000,FEMALE,WHITE NH,40,86611,88451,88965,91519,94296,94036
6000,FEMALE,WHITE NH,41,82575,87520,89134,90128,91737,94566
6000,FEMALE,WHITE NH,42,80283,82896,87806,88996,89872,92052
6000,FEMALE,WHITE NH,43,78574,79843,82679,87912,88732,89978
6000,FEMALE,WHITE NH,44,76336,78194,80365,83628,88070,89098
6000,FEMALE,WHITE NH,45,77766,75873,78117,81100,83759,88012
6000,FEMALE,WHITE NH,46,76348,77400,76040,78799,81759,84367
6000,FEMALE,WHITE NH,47,77729,76643,77322,76006,79042,81865
6000,FEMALE,WHITE NH,48,82358,77781,77202,77775,75877,79326
6000,FEMALE,WHITE NH,49,92753,83531,78707,77749,78049,75571
6000,FEMALE,WHITE NH,50,94872,92265,83490,78916,78555,78767
6000,FEMALE,WHITE NH,51,93146,93963,92361,84072,79492,78338
6000,FEMALE,WHITE NH,52,90738,93209,94195,92739,84072,79658
6000,FEMALE,WHITE NH,53,92268,90898,93057,94544,92575,83889
6000,FEMALE,WHITE NH,54,94537,91775,90899,92823,94502,92678
6000,FEMALE,WHITE NH,55,99738,94197,91537,91263,92785,94925
6000,FEMALE,WHITE NH,56,104748,99749,93715,91452,90861,92750
6000,FEMALE,WHITE NH,57,107472,105582,99778,92981,91134,91135
6000,FEMALE,WHITE NH,58,110468,106934,104777,99289,92970,90705
6000,FEMALE,WHITE NH,59,111940,109728,106183,104359,98730,92390
6000,FEMALE,WHITE NH,60,111684,111072,109530,105797,104094,98827
6000,FEMALE,WHITE NH,61,109559,111335,111196,109338,105566,103484
6000,FEMALE,WHITE NH,62,109948,108866,110476,110890,109105,105145
6000,FEMALE,WHITE NH,63,108128,108891,107173,109184,109926,107950
6000,FEMALE,WHITE NH,64,106671,106715,107946,105985,108138,108871
6000,FEMALE,WHITE NH,65,105321,105490,105718,107264,105695,107655
6000,FEMALE,WHITE NH,66,103135,103887,104484,104789,106107,104585
6000,FEMALE,WHITE NH,67,101175,101427,102615,103453,103943,105160
6000,FEMALE,WHITE NH,68,98189,99534,100208,101153,102030,102457
6000,FEMALE,WHITE NH,69,93358,96334,98271,98722,100041,100759
6000,FEMALE,WHITE NH,70,91177,91899,95090,97035,97481,98574
6000,FEMALE,WHITE NH,71,89966,90141,90586,93724,95494,96340
6000,FEMALE,WHITE NH,72,91656,88336,88648,89346,92070,94256
6000,FEMALE,WHITE NH,73,93170,89541,86488,86870,87379,90519
6000,FEMALE,WHITE NH,74,73901,90509,87102,84509,85239,85788
6000,FEMALE,WHITE NH,75,67577,73200,89054,86375,84087,84981
6000,FEMALE,WHITE NH,76,66589,66424,71743,87465,84532,82436
6000,FEMALE,WHITE NH,77,65595,64910,65123,69936,85428,82606
6000,FEMALE,WHITE NH,78,57500,63496,62985,63053,67988,83367
6000,FEMALE,WHITE NH,79,51385,55381,61417,61106,61548,66353
6000,FEMALE,WHITE NH,80,46946,49877,53842,59762,60093,60460
6000,FEMALE,WHITE NH,81,44581,45112,48077,51748,57405,57748
6000,FEMALE,WHITE NH,82,41340,42319,42777,45637,49302,54634
6000,FEMALE,WHITE NH,83,37498,38877,40054,40583,43622,47216
6000,FEMALE,WHITE NH,84,34810,34983,36387,37666,38568,41564
6000,FEMALE,WHITE NH,85,32151,33051,33245,34445,36461,37348
6000,FEMALE,WHITE NH,86,28443,29913,30954,30959,31876,33611
6000,FEMALE,WHITE NH,87,26279,25945,27352,28301,28406,29049
6000,FEMALE,WHITE NH,88,24042,23418,23280,24636,25783,25743
6000,FEMALE,WHITE NH,89,22641,21448,20981,20876,22990,23937
6000,FEMALE,WHITE NH,90,20453,20333,19251,18766,19414,21050
6000,FEMALE,WHITE NH,91,17455,17386,17458,16276,15659,16358
6000,FEMALE,WHITE NH,92,15510,14427,14370,14424,13597,13084
6000,FEMALE,WHITE NH,93,13205,12213,11427,11290,11964,11210
6000,FEMALE,WHITE NH,94,11101,10160,9405,8583,9103,9871
6000,FEMALE,WHITE NH,95,9267,8360,7536,6882,7034,7405
6000,FEMALE,WHITE NH,96,7191,6508,5743,4953,4891,5024
6000,FEMALE,WHITE NH,97,5288,4877,4316,3411,3499,3511
6000,FEMALE,WHITE NH,98,3885,3344,2654,1767,2484,2586
6000,FEMALE,WHITE NH,99,2790,2223,1622,906,1241,1806
6000,FEMALE,WHITE NH,100,1784,1062,483,382,663,909
6000,FEMALE,WHITE NH,101,1174,245,180,133,324,462
6000,FEMALE,WHITE NH,102,668,997,138,121,87,205
6000,FEMALE,WHITE NH,103,328,633,878,70,42,30
6000,FEMALE,WHITE NH,104,196,300,566,679,43,23
6000,FEMALE,WHITE NH,105,137,172,250,448,396,12
6000,FEMALE,WHITE NH,106,99,132,168,242,212,189
6000,FEMALE,WHITE NH,107,39,93,127,158,116,92
6000,FEMALE,WHITE NH,108,20,33,87,120,64,38
6000,FEMALE,WHITE NH,109,11,24,37,88,58,28
6000,FEMALE,WHITE NH,110,59,63,80,108,66,50
6000,FEMALE,BLACK NH,0,11226,11152,10856,10023,12633,12588
6000,FEMALE,BLACK NH,1,10587,11153,11081,10784,9965,12558
6000,FEMALE,BLACK NH,2,10894,10516,11106,11075,10685,9890
6000,FEMALE,BLACK NH,3,10950,10752,10707,11373,11281,10757
6000,FEMALE,BLACK NH,4,11179,10842,10719,10813,11501,11315
6000,FEMALE,BLACK NH,5,11386,11184,10872,10831,10958,11638
6000,FEMALE,BLACK NH,6,11712,11582,11206,11140,11071,11392
6000,FEMALE,BLACK NH,7,11909,11868,11980,11377,11375,11096
6000,FEMALE,BLACK NH,8,12018,11726,11815,11958,11293,11279
6000,FEMALE,BLACK NH,9,12296,12164,11993,11967,12069,11405
6000,FEMALE,BLACK NH,10,12297,12390,12234,11993,12020,12035
6000,FEMALE,BLACK NH,11,12601,12266,12679,12357,12235,12104
6000,FEMALE,BLACK NH,12,13001,12621,12159,12560,12139,12289
6000,FEMALE,BLACK NH,13,13219,13095,12761,12099,12486,12187
6000,FEMALE,BLACK NH,14,12642,13085,13074,12673,12012,12389
6000,FEMALE,BLACK NH,15,12341,12567,13042,13200,12713,11945
6000,FEMALE,BLACK NH,16,13035,12757,13079,13282,13490,12869
6000,FEMALE,BLACK NH,17,12359,13216,12872,13105,13374,13565
6000,FEMALE,BLACK NH,18,13253,14646,15639,15377,15613,15843
6000,FEMALE,BLACK NH,19,12999,14069,15513,16747,16384,16785
6000,FEMALE,BLACK NH,20,13250,12981,14099,15508,16756,16362
6000,FEMALE,BLACK NH,21,13437,12886,12713,13777,15023,16158
6000,FEMALE,BLACK NH,22,13676,12973,12003,11946,12941,14104
6000,FEMALE,BLACK NH,23,14728,13618,12976,11956,12010,13180
6000,FEMALE,BLACK NH,24,15043,14684,13375,12582,11619,11662
6000,FEMALE,BLACK NH,25,16419,14984,14384,13184,12173,11073
6000,FEMALE,BLACK NH,26,16954,15986,14818,13694,12901,11889
6000,FEMALE,BLACK NH,27,17561,17011,16141,15156,14073,13054
6000,FEMALE,BLACK NH,28,18332,17804,17382,16273,15684,14271
6000,FEMALE,BLACK NH,29,19117,18146,17859,17215,15985,15757
6000,FEMALE,BLACK NH,30,19207,19426,18478,17852,17313,16013
6000,FEMALE,BLACK NH,31,18519,19165,19531,18540,17876,17346
6000,FEMALE,BLACK NH,32,17315,18395,19317,19552,18474,17919
6000,FEMALE,BLACK NH,33,16609,17672,18727,19522,19939,19006
6000,FEMALE,BLACK NH,34,16153,16506,17556,18811,19513,19947
6000,FEMALE,BLACK NH,35,16215,16340,16539,17967,18972,19525
6000,FEMALE,BLACK NH,36,15160,16391,16393,16679,18634,19204
6000,FEMALE,BLACK NH,37,14545,15369,16545,16633,16725,18898
6000,FEMALE,BLACK NH,38,14617,14570,15330,16600,16671,16735
6000,FEMALE,BLACK NH,39,14263,14521,14484,15384,16549,16689
6000,FEMALE,BLACK NH,40,14811,14108,14553,14574,15567,16657
6000,FEMALE,BLACK NH,41,14587,14744,14147,14491,14438,15445
6000,FEMALE,BLACK NH,42,14031,14823,15176,14616,14621,14860
6000,FEMALE,BLACK NH,43,13551,14109,14829,15355,14790,14764
6000,FEMALE,BLACK NH,44,13452,13437,14160,14839,15515,14982
6000,FEMALE,BLACK NH,45,13249,13529,13393,14068,14721,15713
6000,FEMALE,BLACK NH,46,12956,13411,13628,13382,14196,14871
6000,FEMALE,BLACK NH,47,12958,12900,13227,13783,13416,14099
6000,FEMALE,BLACK NH,48,13919,12820,12735,13268,13753,13297
6000,FEMALE,BLACK NH,49,15006,13998,12761,12682,13297,13953
6000,FEMALE,BLACK NH,50,15454,14948,14098,12874,12674,13374
6000,FEMALE,BLACK NH,51,14686,15181,14677,14015,12748,12545
6000,FEMALE,BLACK NH,52,14633,14466,15036,14982,14433,12978
6000,FEMALE,BLACK NH,53,15409,14931,14723,15395,15640,14581
6000,FEMALE,BLACK NH,54,15334,15330,14852,14770,15212,15518
6000,FEMALE,BLACK NH,55,15838,15358,15340,14913,14756,15257
6000,FEMALE,BLACK NH,56,16296,15672,15186,15284,14907,14660
6000,FEMALE,BLACK NH,57,16004,16392,15764,15257,15253,14954
6000,FEMALE,BLACK NH,58,16134,15969,16106,15875,15445,15110
6000,FEMALE,BLACK NH,59,16016,15880,15609,15900,15831,15284
6000,FEMALE,BLACK NH,60,15955,16050,15967,15754,15809,15682
6000,FEMALE,BLACK NH,61,15322,15826,15995,15768,15637,15582
6000,FEMALE,BLACK NH,62,14717,15250,15741,15963,15945,15676
6000,FEMALE,BLACK NH,63,14639,14466,14909,15528,15876,15830
6000,FEMALE,BLACK NH,64,13553,14292,14155,14657,15501,15704
6000,FEMALE,BLACK NH,65,13111,13141,14036,14306,14524,15721
6000,FEMALE,BLACK NH,66,12066,12843,12848,13739,14067,14366
6000,FEMALE,BLACK NH,67,11459,11726,12685,12671,13803,13841
6000,FEMALE,BLACK NH,68,11220,11409,11502,12393,12782,13850
6000,FEMALE,BLACK NH,69,10510,11298,11517,11368,12412,12928
6000,FEMALE,BLACK NH,70,10519,10512,11340,11525,11498,12489
6000,FEMALE,BLACK NH,71,9913,10343,10395,11136,11355,11429
6000,FEMALE,BLACK NH,72,9164,9512,10111,10129,10914,11232
6000,FEMALE,BLACK NH,73,8625,8838,9348,9976,10085,10851
6000,FEMALE,BLACK NH,74,7020,8398,8487,9030,9815,9948
6000,FEMALE,BLACK NH,75,6767,6774,8221,8216,9013,9771
6000,FEMALE,BLACK NH,76,6555,6575,6592,7976,8066,8798
6000,FEMALE,BLACK NH,77,6102,6356,6376,6393,7809,7875
6000,FEMALE,BLACK NH,78,5701,5799,6118,6135,6212,7640
6000,FEMALE,BLACK NH,79,5203,5460,5561,5953,5989,6108
6000,FEMALE,BLACK NH,80,4944,4983,5265,5385,5878,5897
6000,FEMALE,BLACK NH,81,4525,4722,4765,5023,5178,5649
6000,FEMALE,BLACK NH,82,4206,4203,4383,4441,4746,4896
6000,FEMALE,BLACK NH,83,3807,3917,3953,4123,4295,4573
6000,FEMALE,BLACK NH,84,3539,3543,3669,3741,3958,4134
6000,FEMALE,BLACK NH,85,3229,3243,3286,3445,3597,3786
6000,FEMALE,BLACK NH,86,2737,3025,3062,3084,3280,3369
6000,FEMALE,BLACK NH,87,2501,2457,2752,2765,2854,2949
6000,FEMALE,BLACK NH,88,2043,2220,2213,2452,2536,2624
6000,FEMALE,BLACK NH,89,1825,1831,2000,1979,2317,2324
6000,FEMALE,BLACK NH,90,1751,1643,1626,1799,1848,2113
6000,FEMALE,BLACK NH,91,1390,1469,1355,1358,1509,1563
6000,FEMALE,BLACK NH,92,1165,1121,1230,1115,1110,1233
6000,FEMALE,BLACK NH,93,977,947,897,1029,940,941
6000,FEMALE,BLACK NH,94,818,721,748,682,853,794
6000,FEMALE,BLACK NH,95,714,659,590,609,576,730
6000,FEMALE,BLACK NH,96,579,525,477,426,433,438
6000,FEMALE,BLACK NH,97,442,421,384,355,305,323
6000,FEMALE,BLACK NH,98,329,267,266,230,226,226
6000,FEMALE,BLACK NH,99,251,222,181,163,162,178
6000,FEMALE,BLACK NH,100,177,113,100,55,117,108
6000,FEMALE,BLACK NH,101,136,50,47,16,37,82
6000,FEMALE,BLACK NH,102,59,106,26,25,8,22
6000,FEMALE,BLACK NH,103,34,56,98,21,12,3
6000,FEMALE,BLACK NH,104,21,34,55,93,14,6
6000,FEMALE,BLACK NH,105,20,21,33,54,53,7
6000,FEMALE,BLACK NH,106,10,14,15,27,24,19
6000,FEMALE,BLACK NH,107,7,10,14,15,14,10
6000,FEMALE,BLACK NH,108,5,6,9,12,7,8
6000,FEMALE,BLACK NH,109,2,5,6,9,7,3
6000,FEMALE,BLACK NH,110,5,7,12,18,8,8
6000,FEMALE,AIAN NH,0,694,766,811,752,996,975
6000,FEMALE,AIAN NH,1,720,697,766,814,753,996
6000,FEMALE,AIAN NH,2,763,713,688,764,813,747
6000,FEMALE,AIAN NH,3,808,796,724,693,766,812
6000,FEMALE,AIAN NH,4,815,808,797,719,696,766
6000,FEMALE,AIAN NH,5,851,814,807,797,717,695
6000,FEMALE,AIAN NH,6,816,864,832,811,800,714
6000,FEMALE,AIAN NH,7,790,816,875,838,817,816
6000,FEMALE,AIAN NH,8,826,788,819,875,836,817
6000,FEMALE,AIAN NH,9,798,826,782,812,867,868
6000,FEMALE,AIAN NH,10,820,795,822,779,807,862
6000,FEMALE,AIAN NH,11,876,813,803,832,783,809
6000,FEMALE,AIAN NH,12,868,881,818,812,833,797
6000,FEMALE,AIAN NH,13,896,861,874,808,802,827
6000,FEMALE,AIAN NH,14,909,894,860,875,805,802
6000,FEMALE,AIAN NH,15,929,910,895,859,877,808
6000,FEMALE,AIAN NH,16,915,924,904,894,859,877
6000,FEMALE,AIAN NH,17,902,930,932,917,915,877
6000,FEMALE,AIAN NH,18,890,1013,1046,1057,1044,1045
6000,FEMALE,AIAN NH,19,951,928,1101,1092,1128,1063
6000,FEMALE,AIAN NH,20,902,937,913,1082,1119,1092
6000,FEMALE,AIAN NH,21,1010,882,919,902,1084,1115
6000,FEMALE,AIAN NH,22,1054,994,926,900,886,1055
6000,FEMALE,AIAN NH,23,1027,1067,998,933,894,888
6000,FEMALE,AIAN NH,24,1032,1023,1068,994,930,877
6000,FEMALE,AIAN NH,25,1039,1101,1089,1101,1075,967
6000,FEMALE,AIAN NH,26,1101,1029,1062,1082,1086,1059
6000,FEMALE,AIAN NH,27,1119,1095,1022,1059,1060,1059
6000,FEMALE,AIAN NH,28,1173,1132,1125,1040,1073,1066
6000,FEMALE,AIAN NH,29,1176,1171,1134,1120,1056,1081
6000,FEMALE,AIAN NH,30,1152,1176,1166,1140,1103,1036
6000,FEMALE,AIAN NH,31,1098,1165,1222,1180,1149,1133
6000,FEMALE,AIAN NH,32,1092,1110,1170,1250,1189,1171
6000,FEMALE,AIAN NH,33,1055,1077,1155,1230,1250,1260
6000,FEMALE,AIAN NH,34,1016,1057,1082,1170,1243,1272
6000,FEMALE,AIAN NH,35,1123,1014,1045,1047,1148,1205
6000,FEMALE,AIAN NH,36,1014,1172,1027,1061,1183,1249
6000,FEMALE,AIAN NH,37,1011,999,1171,1023,1081,1211
6000,FEMALE,AIAN NH,38,961,1012,1020,1178,1050,1091
6000,FEMALE,AIAN NH,39,1008,931,990,999,1156,1030
6000,FEMALE,AIAN NH,40,916,1003,928,997,994,1167
6000,FEMALE,AIAN NH,41,1066,950,998,965,1004,1041
6000,FEMALE,AIAN NH,42,961,1052,946,988,952,987
6000,FEMALE,AIAN NH,43,980,976,1042,944,992,951
6000,FEMALE,AIAN NH,44,874,957,982,1042,942,978
6000,FEMALE,AIAN NH,45,924,871,973,986,1055,953
6000,FEMALE,AIAN NH,46,874,905,854,960,969,1035
6000,FEMALE,AIAN NH,47,842,881,891,849,953,967
6000,FEMALE,AIAN NH,48,973,849,881,897,859,955
6000,FEMALE,AIAN NH,49,1003,958,839,880,899,856
6000,FEMALE,AIAN NH,50,1059,983,943,829,877,898
6000,FEMALE,AIAN NH,51,1051,1072,992,971,840,890
6000,FEMALE,AIAN NH,52,1007,1011,1067,992,955,830
6000,FEMALE,AIAN NH,53,1034,991,993,1053,1049,947
6000,FEMALE,AIAN NH,54,1036,1012,966,967,1037,1032
6000,FEMALE,AIAN NH,55,1042,1031,1006,977,966,1041
6000,FEMALE,AIAN NH,56,1146,1060,1065,1038,1008,1010
6000,FEMALE,AIAN NH,57,1221,1133,1048,1044,1037,1008
6000,FEMALE,AIAN NH,58,1196,1219,1106,1043,1043,1028
6000,FEMALE,AIAN NH,59,1247,1185,1210,1113,1048,1049
6000,FEMALE,AIAN NH,60,1220,1204,1144,1184,1107,1037
6000,FEMALE,AIAN NH,61,1159,1223,1201,1173,1197,1136
6000,FEMALE,AIAN NH,62,1244,1168,1221,1179,1200,1186
6000,FEMALE,AIAN NH,63,1141,1273,1197,1295,1199,1227
6000,FEMALE,AIAN NH,64,1072,1116,1273,1192,1288,1210
6000,FEMALE,AIAN NH,65,1074,1046,1088,1254,1186,1282
6000,FEMALE,AIAN NH,66,1031,1037,1053,1097,1266,1147
6000,FEMALE,AIAN NH,67,969,1045,1027,1087,1146,1244
6000,FEMALE,AIAN NH,68,871,940,1017,1014,1057,1152
6000,FEMALE,AIAN NH,69,825,866,955,1046,1049,1083
6000,FEMALE,AIAN NH,70,838,802,842,943,1029,1038
6000,FEMALE,AIAN NH,71,774,858,787,837,928,1015
6000,FEMALE,AIAN NH,72,779,754,840,771,821,914
6000,FEMALE,AIAN NH,73,728,754,728,824,746,791
6000,FEMALE,AIAN NH,74,588,702,727,703,807,727
6000,FEMALE,AIAN NH,75,571,624,707,713,732,835
6000,FEMALE,AIAN NH,76,503,562,612,684,701,710
6000,FEMALE,AIAN NH,77,452,476,550,595,665,689
6000,FEMALE,AIAN NH,78,420,432,454,539,568,646
6000,FEMALE,AIAN NH,79,396,420,424,449,530,564
6000,FEMALE,AIAN NH,80,351,379,403,404,466,506
6000,FEMALE,AIAN NH,81,290,326,355,390,387,443
6000,FEMALE,AIAN NH,82,293,266,293,335,366,352
6000,FEMALE,AIAN NH,83,254,279,253,282,332,353
6000,FEMALE,AIAN NH,84,219,227,261,233,269,311
6000,FEMALE,AIAN NH,85,203,201,214,244,228,257
6000,FEMALE,AIAN NH,86,174,186,183,187,224,210
6000,FEMALE,AIAN NH,87,164,153,171,172,169,212
6000,FEMALE,AIAN NH,88,129,138,138,149,150,142
6000,FEMALE,AIAN NH,89,109,190,132,130,138,164
6000,FEMALE,AIAN NH,90,93,97,174,124,113,123
6000,FEMALE,AIAN NH,91,96,81,91,166,106,99
6000,FEMALE,AIAN NH,92,80,89,75,75,144,87
6000,FEMALE,AIAN NH,93,69,64,79,62,61,122
6000,FEMALE,AIAN NH,94,72,50,49,69,50,50
6000,FEMALE,AIAN NH,95,51,58,40,42,54,43
6000,FEMALE,AIAN NH,96,28,47,49,33,30,37
6000,FEMALE,AIAN NH,97,28,24,42,36,21,22
6000,FEMALE,AIAN NH,98,13,22,17,25,22,19
6000,FEMALE,AIAN NH,99,22,10,15,9,22,15
6000,FEMALE,AIAN NH,100,11,22,7,11,5,16
6000,FEMALE,AIAN NH,101,2,9,16,6,6,4
6000,FEMALE,AIAN NH,102,1,2,8,10,4,6
6000,FEMALE,AIAN NH,103,0,1,2,4,6,4
6000,FEMALE,AIAN NH,104,0,0,1,1,3,3
6000,FEMALE,AIAN NH,105,2,0,0,1,1,2
6000,FEMALE,AIAN NH,106,1,2,0,0,0,0
6000,FEMALE,AIAN NH,107,0,1,2,0,0,0
6000,FEMALE,AIAN NH,108,0,0,1,2,0,0
6000,FEMALE,AIAN NH,109,0,0,0,1,2,0
6000,FEMALE,AIAN NH,110,0,0,0,0,1,1
6000,FEMALE,ASIAN NH,0,26494,23448,23898,22702,25389,24811
6000,FEMALE,ASIAN NH,1,28784,26448,23412,23851,22619,25296
6000,FEMALE,ASIAN NH,2,30717,28711,26583,23594,23986,22803
6000,FEMALE,ASIAN NH,3,32986,30684,28946,26792,23692,24058
6000,FEMALE,ASIAN NH,4,32231,32856,30651,29213,27087,23663
6000,FEMALE,ASIAN NH,5,33921,32155,32974,30867,29388,27371
6000,FEMALE,ASIAN NH,6,32634,34566,32483,33288,31284,29691
6000,FEMALE,ASIAN NH,7,32894,32748,34603,32874,33645,31719
6000,FEMALE,ASIAN NH,8,31280,32807,32878,34988,33080,34151
6000,FEMALE,ASIAN NH,9,29621,31442,32979,32908,35170,32963
6000,FEMALE,ASIAN NH,10,29522,29531,31474,32891,33036,35434
6000,FEMALE,ASIAN NH,11,30873,29555,29643,31524,33126,33153
6000,FEMALE,ASIAN NH,12,31309,30969,29628,29804,31756,33255
6000,FEMALE,ASIAN NH,13,31484,31243,31022,29526,29813,31859
6000,FEMALE,ASIAN NH,14,30588,31312,31384,31057,29775,29920
6000,FEMALE,ASIAN NH,15,31801,30739,31420,31454,31266,29962
6000,FEMALE,ASIAN NH,16,32057,31732,30937,31757,31542,31345
6000,FEMALE,ASIAN NH,17,31953,32385,32408,31340,32506,32253
6000,FEMALE,ASIAN NH,18,34855,41006,42357,43553,42367,43024
6000,FEMALE,ASIAN NH,19,33977,37680,45502,47452,49070,46904
6000,FEMALE,ASIAN NH,20,31167,31446,35660,43457,45162,47363
6000,FEMALE,ASIAN NH,21,30540,29071,29728,33750,42170,43520
6000,FEMALE,ASIAN NH,22,32106,28782,27539,27996,32029,41007
6000,FEMALE,ASIAN NH,23,34802,31471,28457,26738,27981,31967
6000,FEMALE,ASIAN NH,24,36952,33821,30426,27753,25839,27224
6000,FEMALE,ASIAN NH,25,39742,36824,33399,29933,27354,25224
6000,FEMALE,ASIAN NH,26,42944,37669,34980,30528,27870,25899
6000,FEMALE,ASIAN NH,27,45390,42495,37055,34668,30444,28070
6000,FEMALE,ASIAN NH,28,48534,45552,42658,38108,34987,31544
6000,FEMALE,ASIAN NH,29,53013,48464,46036,42951,38092,35584
6000,FEMALE,ASIAN NH,30,55243,53219,48559,46794,42920,38663
6000,FEMALE,ASIAN NH,31,56650,55351,53141,48861,47818,43909
6000,FEMALE,ASIAN NH,32,53744,56301,55838,54246,49268,48211
6000,FEMALE,ASIAN NH,33,52080,53825,56543,56737,54718,50029
6000,FEMALE,ASIAN NH,34,51945,52089,54229,56826,57356,55494
6000,FEMALE,ASIAN NH,35,52353,51908,52192,54633,57112,57600
6000,FEMALE,ASIAN NH,36,53515,52428,52144,52613,54883,57718
6000,FEMALE,ASIAN NH,37,53644,53455,52626,52493,53070,54744
6000,FEMALE,ASIAN NH,38,52969,53232,53608,53110,52762,53281
6000,FEMALE,ASIAN NH,39,51443,52824,53777,54212,53337,53361
6000,FEMALE,ASIAN NH,40,49922,51420,52882,54303,54582,53469
6000,FEMALE,ASIAN NH,41,48717,50366,51517,53491,54627,54721
6000,FEMALE,ASIAN NH,42,47560,48613,50460,51776,53610,54871
6000,FEMALE,ASIAN NH,43,47852,47360,48582,50659,52067,53993
6000,FEMALE,ASIAN NH,44,48334,47534,47542,49055,50704,52343
6000,FEMALE,ASIAN NH,45,48940,47957,47364,47784,49089,50765
6000,FEMALE,ASIAN NH,46,49083,49060,48010,47652,47852,49164
6000,FEMALE,ASIAN NH,47,49783,48719,48986,48335,47734,47775
6000,FEMALE,ASIAN NH,48,49443,49497,48833,49350,48563,47965
6000,FEMALE,ASIAN NH,49,49111,49618,49793,49103,49816,48876
6000,FEMALE,ASIAN NH,50,47680,48690,49392,49927,48835,49606
6000,FEMALE,ASIAN NH,51,46355,47341,48709,49466,50030,48969
6000,FEMALE,ASIAN NH,52,44477,46451,47416,49080,49490,50114
6000,FEMALE,ASIAN NH,53,42551,44188,46561,47747,49373,49761
6000,FEMALE,ASIAN NH,54,42999,42719,44259,46617,47532,49142
6000,FEMALE,ASIAN NH,55,43305,42874,42638,44791,46974,47926
6000,FEMALE,ASIAN NH,56,43716,43204,42802,42565,44722,46732
6000,FEMALE,ASIAN NH,57,43997,43334,43265,42910,42470,44638
6000,FEMALE,ASIAN NH,58,41887,43864,43200,43235,42896,42386
6000,FEMALE,ASIAN NH,59,42602,41904,43907,43251,43309,43202
6000,FEMALE,ASIAN NH,60,41962,42235,41853,44131,43411,43128
6000,FEMALE,ASIAN NH,61,41513,41722,42357,42155,44417,43479
6000,FEMALE,ASIAN NH,62,40700,41290,41473,42071,42083,44375
6000,FEMALE,ASIAN NH,63,39967,40394,41277,41605,41962,42038
6000,FEMALE,ASIAN NH,64,39541,39693,40252,41100,41561,42006
6000,FEMALE,ASIAN NH,65,39093,39076,39658,39968,40802,41305
6000,FEMALE,ASIAN NH,66,37465,38462,39079,39583,39693,40765
6000,FEMALE,ASIAN NH,67,36190,37023,38255,38887,39279,39580
6000,FEMALE,ASIAN NH,68,34202,36114,36925,38197,38850,39078
6000,FEMALE,ASIAN NH,69,33194,33794,35693,36666,37879,38455
6000,FEMALE,ASIAN NH,70,33369,32719,33197,35356,36364,37407
6000,FEMALE,ASIAN NH,71,31554,32798,32727,33228,34969,36154
6000,FEMALE,ASIAN NH,72,28895,31399,32531,32498,32845,34574
6000,FEMALE,ASIAN NH,73,27712,28524,31358,32169,32280,32610
6000,FEMALE,ASIAN NH,74,23392,27357,28113,30975,31695,31703
6000,FEMALE,ASIAN NH,75,21233,22839,27066,28025,30689,31279
6000,FEMALE,ASIAN NH,76,19665,21162,22767,27035,27635,30287
6000,FEMALE,ASIAN NH,77,18291,19279,20897,22483,26476,27092
6000,FEMALE,ASIAN NH,78,17063,17902,18963,20647,22066,26110
6000,FEMALE,ASIAN NH,79,16010,16704,17707,18769,20392,21785
6000,FEMALE,ASIAN NH,80,15237,15817,16533,17572,18511,20168
6000,FEMALE,ASIAN NH,81,13942,14881,15497,16232,16908,17768
6000,FEMALE,ASIAN NH,82,13283,13379,14349,15029,15506,16214
6000,FEMALE,ASIAN NH,83,12380,12776,13043,13928,14443,14931
6000,FEMALE,ASIAN NH,84,11259,11919,12415,12681,13388,13877
6000,FEMALE,ASIAN NH,85,10602,10844,11560,12094,12360,12981
6000,FEMALE,ASIAN NH,86,9872,9947,10256,10972,11069,11290
6000,FEMALE,ASIAN NH,87,8901,9409,9523,9850,10278,10357
6000,FEMALE,ASIAN NH,88,7640,8167,8851,8871,9093,9391
6000,FEMALE,ASIAN NH,89,7094,6998,7561,8291,8254,8407
6000,FEMALE,ASIAN NH,90,6397,6776,6685,7209,7843,7696
6000,FEMALE,ASIAN NH,91,5263,5667,6114,6020,6175,6752
6000,FEMALE,ASIAN NH,92,4566,4561,4965,5409,5066,5179
6000,FEMALE,ASIAN NH,93,3903,3880,3935,4366,4641,4268
6000,FEMALE,ASIAN NH,94,3166,3277,3305,3305,3677,3870
6000,FEMALE,ASIAN NH,95,2462,2577,2725,2727,2686,3049
6000,FEMALE,ASIAN NH,96,1962,1887,2036,2192,1990,1977
6000,FEMALE,ASIAN NH,97,1477,1575,1550,1618,1680,1522
6000,FEMALE,ASIAN NH,98,1126,1018,1194,1133,1180,1230
6000,FEMALE,ASIAN NH,99,829,782,704,903,841,894
6000,FEMALE,ASIAN NH,100,565,501,461,332,639,614
6000,FEMALE,ASIAN NH,101,380,150,151,145,239,430
6000,FEMALE,ASIAN NH,102,227,359,129,125,75,139
6000,FEMALE,ASIAN NH,103,107,213,344,111,63,31
6000,FEMALE,ASIAN NH,104,58,88,191,314,48,31
6000,FEMALE,ASIAN NH,105,62,60,89,185,200,30
6000,FEMALE,ASIAN NH,106,49,69,67,96,84,85
6000,FEMALE,ASIAN NH,107,19,37,57,55,33,33
6000,FEMALE,ASIAN NH,108,8,18,36,56,33,13
6000,FEMALE,ASIAN NH,109,7,8,18,36,27,18
6000,FEMALE,ASIAN NH,110,10,17,25,42,28,30
6000,FEMALE,NHPI NH,0,799,617,679,473,590,625
6000,FEMALE,NHPI NH,1,849,801,619,683,477,591
6000,FEMALE,NHPI NH,2,900,849,806,636,701,476
6000,FEMALE,NHPI NH,3,887,903,832,801,612,689
6000,FEMALE,NHPI NH,4,841,885,904,822,789,607
6000,FEMALE,NHPI NH,5,900,846,890,905,828,815
6000,FEMALE,NHPI NH,6,857,896,846,899,909,836
6000,FEMALE,NHPI NH,7,808,851,885,841,892,907
6000,FEMALE,NHPI NH,8,792,822,860,901,840,898
6000,FEMALE,NHPI NH,9,803,798,814,870,910,835
6000,FEMALE,NHPI NH,10,762,811,790,819,863,918
6000,FEMALE,NHPI NH,11,869,756,816,793,812,879
6000,FEMALE,NHPI NH,12,815,865,762,826,823,823
6000,FEMALE,NHPI NH,13,806,823,878,790,825,851
6000,FEMALE,NHPI NH,14,849,797,821,874,785,822
6000,FEMALE,NHPI NH,15,861,853,804,827,882,791
6000,FEMALE,NHPI NH,16,839,869,851,808,856,883
6000,FEMALE,NHPI NH,17,875,848,878,857,804,854
6000,FEMALE,NHPI NH,18,834,993,1025,1050,1039,990
6000,FEMALE,NHPI NH,19,849,860,1001,1004,1035,1020
6000,FEMALE,NHPI NH,20,889,861,892,1065,1061,1081
6000,FEMALE,NHPI NH,21,876,927,885,918,1085,1075
6000,FEMALE,NHPI NH,22,848,824,913,829,855,1029
6000,FEMALE,NHPI NH,23,810,811,840,917,824,805
6000,FEMALE,NHPI NH,24,919,788,821,843,924,839
6000,FEMALE,NHPI NH,25,974,953,836,898,912,985
6000,FEMALE,NHPI NH,26,1103,942,877,740,803,827
6000,FEMALE,NHPI NH,27,1123,1139,973,911,758,883
6000,FEMALE,NHPI NH,28,1103,1127,1180,1012,924,806
6000,FEMALE,NHPI NH,29,1229,1127,1130,1185,1009,926
6000,FEMALE,NHPI NH,30,1225,1245,1125,1150,1209,1007
6000,FEMALE,NHPI NH,31,1188,1202,1237,1131,1125,1195
6000,FEMALE,NHPI NH,32,1218,1192,1250,1282,1188,1195
6000,FEMALE,NHPI NH,33,1183,1203,1210,1261,1350,1281
6000,FEMALE,NHPI NH,34,1245,1201,1241,1279,1313,1403
6000,FEMALE,NHPI NH,35,1196,1218,1186,1228,1257,1301
6000,FEMALE,NHPI NH,36,1174,1177,1193,1175,1202,1222
6000,FEMALE,NHPI NH,37,1205,1247,1228,1254,1178,1237
6000,FEMALE,NHPI NH,38,1125,1177,1224,1209,1235,1158
6000,FEMALE,NHPI NH,39,1082,1112,1194,1235,1258,1239
6000,FEMALE,NHPI NH,40,1106,1133,1116,1216,1335,1373
6000,FEMALE,NHPI NH,41,1073,1131,1128,1120,1203,1317
6000,FEMALE,NHPI NH,42,987,1123,1184,1213,1165,1233
6000,FEMALE,NHPI NH,43,996,994,1112,1180,1208,1160
6000,FEMALE,NHPI NH,44,1022,1025,1026,1147,1219,1233
6000,FEMALE,NHPI NH,45,945,1009,1035,1030,1144,1199
6000,FEMALE,NHPI NH,46,989,970,1062,1079,1042,1130
6000,FEMALE,NHPI NH,47,951,992,1045,1068,1081,1046
6000,FEMALE,NHPI NH,48,967,959,1075,1092,1128,1136
6000,FEMALE,NHPI NH,49,959,955,953,1053,1069,1106
6000,FEMALE,NHPI NH,50,1070,1007,970,946,1050,1087
6000,FEMALE,NHPI NH,51,1047,1054,995,956,932,1030
6000,FEMALE,NHPI NH,52,1017,1036,1051,991,959,949
6000,FEMALE,NHPI NH,53,996,1000,1054,1078,975,983
6000,FEMALE,NHPI NH,54,1071,982,1057,1108,1072,966
6000,FEMALE,NHPI NH,55,1059,1059,967,1062,1096,1093
6000,FEMALE,NHPI NH,56,1075,1142,1143,970,1139,1115
6000,FEMALE,NHPI NH,57,1074,1082,1157,1121,949,1122
6000,FEMALE,NHPI NH,58,1073,1079,1108,1166,1145,945
6000,FEMALE,NHPI NH,59,1068,1040,1099,1121,1147,1162
6000,FEMALE,NHPI NH,60,936,1128,1041,1076,1196,1164
6000,FEMALE,NHPI NH,61,976,964,1177,1074,1058,1201
6000,FEMALE,NHPI NH,62,926,1028,1012,1233,1079,1094
6000,FEMALE,NHPI NH,63,821,1085,1013,1030,1269,1066
6000,FEMALE,NHPI NH,64,863,805,1146,1086,1092,1281
6000,FEMALE,NHPI NH,65,726,840,786,1148,1068,1061
6000,FEMALE,NHPI NH,66,744,742,848,792,1145,1059
6000,FEMALE,NHPI NH,67,665,750,749,854,809,1134
6000,FEMALE,NHPI NH,68,611,648,739,737,846,788
6000,FEMALE,NHPI NH,69,590,618,673,754,755,858
6000,FEMALE,NHPI NH,70,549,588,616,673,745,739
6000,FEMALE,NHPI NH,71,542,527,577,594,655,715
6000,FEMALE,NHPI NH,72,497,525,563,607,606,659
6000,FEMALE,NHPI NH,73,416,486,530,568,597,615
6000,FEMALE,NHPI NH,74,433,385,540,571,606,559
6000,FEMALE,NHPI NH,75,378,429,397,550,577,617
6000,FEMALE,NHPI NH,76,326,363,414,383,532,541
6000,FEMALE,NHPI NH,77,323,337,375,443,409,558
6000,FEMALE,NHPI NH,78,271,326,337,375,433,400
6000,FEMALE,NHPI NH,79,271,278,332,342,373,421
6000,FEMALE,NHPI NH,80,238,284,285,332,339,368
6000,FEMALE,NHPI NH,81,220,246,294,297,332,341
6000,FEMALE,NHPI NH,82,197,208,231,276,261,291
6000,FEMALE,NHPI NH,83,159,201,214,240,270,265
6000,FEMALE,NHPI NH,84,190,174,219,231,246,276
6000,FEMALE,NHPI NH,85,142,182,163,204,209,217
6000,FEMALE,NHPI NH,86,121,148,186,165,194,192
6000,FEMALE,NHPI NH,87,111,121,148,185,156,182
6000,FEMALE,NHPI NH,88,114,107,117,149,169,144
6000,FEMALE,NHPI NH,89,89,121,115,124,137,148
6000,FEMALE,NHPI NH,90,88,86,118,112,109,116
6000,FEMALE,NHPI NH,91,69,87,85,117,99,80
6000,FEMALE,NHPI NH,92,55,57,75,73,82,79
6000,FEMALE,NHPI NH,93,56,69,71,89,77,74
6000,FEMALE,NHPI NH,94,35,39,52,53,59,53
6000,FEMALE,NHPI NH,95,21,29,33,46,40,45
6000,FEMALE,NHPI NH,96,33,23,31,35,29,24
6000,FEMALE,NHPI NH,97,38,34,24,32,28,24
6000,FEMALE,NHPI NH,98,20,35,30,21,19,20
6000,FEMALE,NHPI NH,99,3,18,33,27,15,16
6000,FEMALE,NHPI NH,100,8,3,18,31,19,11
6000,FEMALE,NHPI NH,101,3,7,2,17,16,10
6000,FEMALE,NHPI NH,102,2,3,7,2,11,13
6000,FEMALE,NHPI NH,103,0,1,2,6,1,5
6000,FEMALE,NHPI NH,104,0,0,1,2,4,1
6000,FEMALE,NHPI NH,105,3,1,1,2,2,1
6000,FEMALE,NHPI NH,106,3,2,0,0,1,0
6000,FEMALE,NHPI NH,107,0,3,2,0,0,0
6000,FEMALE,NHPI NH,108,0,0,3,2,0,0
6000,FEMALE,NHPI NH,109,0,0,0,3,1,0
6000,FEMALE,NHPI NH,110,0,0,0,0,2,1
6000,FEMALE,MR NH,0,15481,9211,9182,8802,11501,11384
6000,FEMALE,MR NH,1,17951,15465,9193,9163,8749,11431
6000,FEMALE,MR NH,2,18163,18068,15795,9425,9624,8905
6000,FEMALE,MR NH,3,18611,18116,18148,16030,9513,9687
6000,FEMALE,MR NH,4,18762,18520,18260,18122,16049,9468
6000,FEMALE,MR NH,5,18743,18872,18606,18568,18255,16292
6000,FEMALE,MR NH,6,18706,18946,19021,18733,18695,18277
6000,FEMALE,MR NH,7,18553,18756,19020,19138,18857,18761
6000,FEMALE,MR NH,8,17999,18575,18967,19020,19227,18864
6000,FEMALE,MR NH,9,17782,17985,18558,18961,19024,19223
6000,FEMALE,MR NH,10,16899,18269,18120,18563,18954,18981
6000,FEMALE,MR NH,11,16162,16879,18153,18058,18496,18802
6000,FEMALE,MR NH,12,16139,16175,16995,18273,18076,18551
6000,FEMALE,MR NH,13,15903,16101,16129,16862,18168,17975
6000,FEMALE,MR NH,14,15165,15819,16186,16124,16851,18132
6000,FEMALE,MR NH,15,15204,15159,15883,16221,16304,16774
6000,FEMALE,MR NH,16,14739,15081,15159,15941,16249,16354
6000,FEMALE,MR NH,17,14308,14683,15144,15260,15959,16314
6000,FEMALE,MR NH,18,15185,17293,17775,18620,18666,19128
6000,FEMALE,MR NH,19,14280,16348,18689,19219,20119,19927
6000,FEMALE,MR NH,20,13669,13167,15153,17101,17593,18675
6000,FEMALE,MR NH,21,13270,13086,12595,14500,16423,16981
6000,FEMALE,MR NH,22,13188,12643,12456,11864,13790,15748
6000,FEMALE,MR NH,23,13074,12820,12156,11859,11323,13250
6000,FEMALE,MR NH,24,12923,12864,12555,11843,11627,11212
6000,FEMALE,MR NH,25,13063,12884,12625,12505,11695,11736
6000,FEMALE,MR NH,26,12996,12660,12440,12093,12049,11512
6000,FEMALE,MR NH,27,12989,13125,13067,12666,12358,12200
6000,FEMALE,MR NH,28,12731,13174,13248,13239,12729,12470
6000,FEMALE,MR NH,29,12780,12639,13097,13152,13184,12658
6000,FEMALE,MR NH,30,12166,12913,12861,13338,13383,13447
6000,FEMALE,MR NH,31,11569,12359,12946,12917,13355,13438
6000,FEMALE,MR NH,32,11243,11596,12334,13029,12871,13415
6000,FEMALE,MR NH,33,10601,11230,11783,12798,13405,13183
6000,FEMALE,MR NH,34,10071,10733,11305,11869,12798,13535
6000,FEMALE,MR NH,35,10039,9970,10715,11321,11914,12858
6000,FEMALE,MR NH,36,9916,10189,9923,10810,11260,12022
6000,FEMALE,MR NH,37,9733,9863,10209,9947,10869,11258
6000,FEMALE,MR NH,38,9402,9774,9933,10293,10013,10837
6000,FEMALE,MR NH,39,8991,9533,9787,9960,10443,10002
6000,FEMALE,MR NH,40,8630,9015,9523,9784,9910,10502
6000,FEMALE,MR NH,41,7980,8573,9050,9492,9784,9931
6000,FEMALE,MR NH,42,7661,7993,8579,9100,9535,9750
6000,FEMALE,MR NH,43,7377,7574,8033,8604,9129,9551
6000,FEMALE,MR NH,44,7198,7332,7717,8233,8833,9280
6000,FEMALE,MR NH,45,6736,7269,7558,7645,8132,8826
6000,FEMALE,MR NH,46,6515,6761,7302,7592,7699,8180
6000,FEMALE,MR NH,47,6687,6491,6750,7335,7582,7733
6000,FEMALE,MR NH,48,6657,6843,6520,6821,7404,7663
6000,FEMALE,MR NH,49,7076,6677,6867,6513,6884,7510
6000,FEMALE,MR NH,50,6724,6971,6679,6857,6470,6914
6000,FEMALE,MR NH,51,6240,6689,6948,6693,6871,6500
6000,FEMALE,MR NH,52,5961,6166,6613,6996,6651,6900
6000,FEMALE,MR NH,53,5939,6149,6158,6687,6970,6650
6000,FEMALE,MR NH,54,5839,6129,6227,6285,6829,7100
6000,FEMALE,MR NH,55,6026,5859,6219,6199,6319,6840
6000,FEMALE,MR NH,56,5918,6018,5816,6181,6132,6264
6000,FEMALE,MR NH,57,5976,5972,6042,5926,6162,6115
6000,FEMALE,MR NH,58,5916,6154,6081,6092,6114,6183
6000,FEMALE,MR NH,59,5870,5865,6120,6022,6051,6041
6000,FEMALE,MR NH,60,5663,5962,5989,6126,5978,6071
6000,FEMALE,MR NH,61,5447,5837,6091,6079,6060,6043
6000,FEMALE,MR NH,62,5274,5478,5902,6062,6023,6074
6000,FEMALE,MR NH,63,4938,5232,5541,5966,6185,5970
6000,FEMALE,MR NH,64,4594,4855,5165,5528,5862,6071
6000,FEMALE,MR NH,65,4345,4602,4811,5112,5445,5788
6000,FEMALE,MR NH,66,4104,4361,4652,4896,5059,5377
6000,FEMALE,MR NH,67,3779,4117,4349,4632,4817,4986
6000,FEMALE,MR NH,68,3679,3769,4108,4343,4613,4787
6000,FEMALE,MR NH,69,3455,3668,3734,4074,4296,4528
6000,FEMALE,MR NH,70,3301,3461,3639,3692,3989,4203
6000,FEMALE,MR NH,71,3028,3312,3463,3668,3625,3929
6000,FEMALE,MR NH,72,2954,3020,3332,3459,3643,3589
6000,FEMALE,MR NH,73,3017,2901,2983,3291,3367,3548
6000,FEMALE,MR NH,74,2309,3135,2845,2944,3333,3348
6000,FEMALE,MR NH,75,2138,2323,3154,2858,2931,3289
6000,FEMALE,MR NH,76,2063,2138,2329,3162,2788,2871
6000,FEMALE,MR NH,77,1868,2093,2163,2357,3121,2756
6000,FEMALE,MR NH,78,1711,1849,2072,2140,2289,3017
6000,FEMALE,MR NH,79,1537,1712,1854,2085,2105,2245
6000,FEMALE,MR NH,80,1443,1552,1742,1876,2042,2071
6000,FEMALE,MR NH,81,1336,1455,1565,1752,1802,1957
6000,FEMALE,MR NH,82,1165,1322,1453,1552,1674,1703
6000,FEMALE,MR NH,83,1072,1178,1337,1469,1500,1603
6000,FEMALE,MR NH,84,963,1076,1180,1333,1403,1415
6000,FEMALE,MR NH,85,1021,977,1077,1184,1277,1340
6000,FEMALE,MR NH,86,920,1019,980,1088,1091,1186
6000,FEMALE,MR NH,87,740,916,1023,1003,1008,982
6000,FEMALE,MR NH,88,678,748,922,1030,945,921
6000,FEMALE,MR NH,89,624,675,744,921,946,855
6000,FEMALE,MR NH,90,535,663,710,776,869,890
6000,FEMALE,MR NH,91,459,499,623,674,619,717
6000,FEMALE,MR NH,92,380,463,502,627,579,540
6000,FEMALE,MR NH,93,328,360,443,483,512,463
6000,FEMALE,MR NH,94,261,323,352,432,399,425
6000,FEMALE,MR NH,95,214,238,300,331,332,321
6000,FEMALE,MR NH,96,169,210,233,296,246,263
6000,FEMALE,MR NH,97,149,162,203,222,219,192
6000,FEMALE,MR NH,98,94,146,159,199,163,162
6000,FEMALE,MR NH,99,68,91,143,152,156,119
6000,FEMALE,MR NH,100,62,71,94,145,114,107
6000,FEMALE,MR NH,101,36,58,67,89,87,56
6000,FEMALE,MR NH,102,17,37,59,66,56,48
6000,FEMALE,MR NH,103,8,10,30,52,41,34
6000,FEMALE,MR NH,104,2,7,9,29,30,24
6000,FEMALE,MR NH,105,15,10,15,17,17,19
6000,FEMALE,MR NH,106,9,9,4,9,5,10
6000,FEMALE,MR NH,107,3,7,7,2,1,4
6000,FEMALE,MR NH,108,2,3,7,7,2,0
6000,FEMALE,MR NH,109,1,2,3,7,4,1
6000,FEMALE,MR NH,110,22,23,25,28,8,7
6000,FEMALE,HISPANIC,0,112053,93051,98261,97134,82542,81305
6000,FEMALE,HISPANIC,1,118940,111651,92652,97844,96519,81941
6000,FEMALE,HISPANIC,2,120448,115995,109265,90827,95934,95022
6000,FEMALE,HISPANIC,3,123743,117353,113811,106926,89758,94797
6000,FEMALE,HISPANIC,4,126679,121569,115646,112173,104848,89533
6000,FEMALE,HISPANIC,5,129027,124174,119747,114012,110620,103310
6000,FEMALE,HISPANIC,6,128728,127156,122382,118083,113093,109458
6000,FEMALE,HISPANIC,7,130869,126779,125519,121553,117227,112236
6000,FEMALE,HISPANIC,8,132438,129420,125044,124395,120685,116633
6000,FEMALE,HISPANIC,9,135939,129752,127900,123374,123489,119819
6000,FEMALE,HISPANIC,10,138595,133773,128462,126668,122685,122907
6000,FEMALE,HISPANIC,11,141499,136239,131909,126875,125520,121660
6000,FEMALE,HISPANIC,12,146572,139148,133996,130706,125279,124315
6000,FEMALE,HISPANIC,13,146454,144421,137770,132732,129990,124314
6000,FEMALE,HISPANIC,14,141176,144120,142936,135915,131696,128724
6000,FEMALE,HISPANIC,15,138126,138528,142250,141318,134923,131008
6000,FEMALE,HISPANIC,16,135587,135878,136683,140737,139797,134227
6000,FEMALE,HISPANIC,17,133070,133548,134231,135501,139525,138784
6000,FEMALE,HISPANIC,18,134479,152214,155544,159941,159903,162506
6000,FEMALE,HISPANIC,19,129434,133599,149600,154297,159397,161161
6000,FEMALE,HISPANIC,20,127127,124542,129041,141234,147086,152807
6000,FEMALE,HISPANIC,21,125255,119828,118092,121471,133981,139892
6000,FEMALE,HISPANIC,22,125191,117672,112494,110635,114613,127625
6000,FEMALE,HISPANIC,23,126090,118008,111322,105674,104755,109471
6000,FEMALE,HISPANIC,24,127434,120264,113387,107035,102259,101882
6000,FEMALE,HISPANIC,25,126873,118765,111535,103448,97641,94064
6000,FEMALE,HISPANIC,26,127976,113498,106713,101125,97051,94107
6000,FEMALE,HISPANIC,27,130908,124054,110896,105075,100618,96434
6000,FEMALE,HISPANIC,28,131327,126759,121048,108732,104217,100586
6000,FEMALE,HISPANIC,29,129097,126804,123665,118859,107231,102660
6000,FEMALE,HISPANIC,30,125517,125270,124257,121150,116970,105677
6000,FEMALE,HISPANIC,31,118765,121006,121982,122047,119173,114974
6000,FEMALE,HISPANIC,32,116365,115198,118267,119679,119859,117590
6000,FEMALE,HISPANIC,33,113706,113304,112632,116153,117576,118119
6000,FEMALE,HISPANIC,34,111662,110577,110535,110195,114246,115899
6000,FEMALE,HISPANIC,35,111078,107629,107037,107551,107513,111960
6000,FEMALE,HISPANIC,36,110088,107628,105208,104727,105569,106440
6000,FEMALE,HISPANIC,37,111192,107026,105359,102875,102562,103836
6000,FEMALE,HISPANIC,38,110706,107245,104121,102713,100604,100812
6000,FEMALE,HISPANIC,39,109557,107049,104657,101989,100359,98688
6000,FEMALE,HISPANIC,40,108704,106471,104248,102710,100156,98445
6000,FEMALE,HISPANIC,41,104518,105793,104149,102386,101045,98885
6000,FEMALE,HISPANIC,42,102816,101728,103509,102052,100868,98977
6000,FEMALE,HISPANIC,43,102531,100281,99355,101211,99839,98843
6000,FEMALE,HISPANIC,44,100149,99216,97594,97165,99129,97950
6000,FEMALE,HISPANIC,45,99749,96921,96632,95376,95142,97440
6000,FEMALE,HISPANIC,46,97565,96948,94858,95269,93927,93674
6000,FEMALE,HISPANIC,47,96670,94842,94674,93248,93573,92162
6000,FEMALE,HISPANIC,48,95748,93888,92869,92898,91493,92134
6000,FEMALE,HISPANIC,49,96316,92788,91719,90763,91143,89870
6000,FEMALE,HISPANIC,50,94514,93221,90167,89584,88853,89550
6000,FEMALE,HISPANIC,51,90360,92284,91376,88110,87843,87323
6000,FEMALE,HISPANIC,52,87408,87807,89816,89266,86360,86081
6000,FEMALE,HISPANIC,53,84821,84712,85970,87936,87667,84574
6000,FEMALE,HISPANIC,54,82457,81857,82243,83905,86099,86126
6000,FEMALE,HISPANIC,55,81368,79601,79434,80020,81831,84402
6000,FEMALE,HISPANIC,56,79701,79448,77477,77864,78467,80344
6000,FEMALE,HISPANIC,57,76668,76973,77118,75257,76213,76679
6000,FEMALE,HISPANIC,58,73757,74227,75047,75466,73366,75086
6000,FEMALE,HISPANIC,59,71647,71073,71988,72798,73606,71195
6000,FEMALE,HISPANIC,60,69412,69156,68894,69826,71102,71952
6000,FEMALE,HISPANIC,61,64697,67199,67246,67205,68050,69515
6000,FEMALE,HISPANIC,62,62536,62068,64849,65406,65357,66412
6000,FEMALE,HISPANIC,63,59100,60384,60067,63207,63840,63810
6000,FEMALE,HISPANIC,64,56925,56827,58464,58362,61399,62115
6000,FEMALE,HISPANIC,65,54187,54857,54957,56876,56924,60033
6000,FEMALE,HISPANIC,66,50365,52058,53230,53427,55074,55459
6000,FEMALE,HISPANIC,67,46519,48215,50117,51632,51750,53557
6000,FEMALE,HISPANIC,68,43117,44421,46375,48609,49958,50355
6000,FEMALE,HISPANIC,69,40359,41267,42523,44832,47178,48516
6000,FEMALE,HISPANIC,70,37754,38399,39413,40769,43368,45623
6000,FEMALE,HISPANIC,71,35544,36175,37180,38077,39443,42062
6000,FEMALE,HISPANIC,72,33485,33954,34822,35990,36853,38341
6000,FEMALE,HISPANIC,73,31476,31860,32458,33505,34583,35374
6000,FEMALE,HISPANIC,74,27579,29762,30447,31110,32256,33266
6000,FEMALE,HISPANIC,75,25694,26025,28678,29266,30112,31445
6000,FEMALE,HISPANIC,76,24061,25013,25540,28168,28644,29405
6000,FEMALE,HISPANIC,77,22859,23115,24413,24964,27542,27872
6000,FEMALE,HISPANIC,78,20348,21896,22346,23749,24213,26743
6000,FEMALE,HISPANIC,79,18710,19611,21397,21759,23247,23630
6000,FEMALE,HISPANIC,80,17654,17852,18802,20687,21133,22506
6000,FEMALE,HISPANIC,81,16286,16857,17203,18066,19758,20115
6000,FEMALE,HISPANIC,82,14940,15364,16075,16513,17214,18753
6000,FEMALE,HISPANIC,83,13795,13968,14626,15407,15756,16387
6000,FEMALE,HISPANIC,84,12843,12859,13119,13882,14702,15041
6000,FEMALE,HISPANIC,85,11120,11704,11995,12219,13082,13844
6000,FEMALE,HISPANIC,86,9733,10323,11064,11408,11317,12129
6000,FEMALE,HISPANIC,87,8937,8644,9358,10151,10318,10235
6000,FEMALE,HISPANIC,88,7849,7997,7768,8466,9258,9293
6000,FEMALE,HISPANIC,89,7741,6984,7273,7029,7818,8561
6000,FEMALE,HISPANIC,90,6754,6937,6402,6683,6663,7121
6000,FEMALE,HISPANIC,91,5322,5855,6222,5716,5695,5640
6000,FEMALE,HISPANIC,92,4557,4425,4970,5429,4789,4794
6000,FEMALE,HISPANIC,93,3859,3864,3776,4211,4583,4037
6000,FEMALE,HISPANIC,94,3217,3083,3162,3013,3547,3867
6000,FEMALE,HISPANIC,95,2390,2485,2462,2520,2445,2919
6000,FEMALE,HISPANIC,96,1891,1709,1865,1915,1825,1769
6000,FEMALE,HISPANIC,97,1255,1385,1266,1374,1397,1362
6000,FEMALE,HISPANIC,98,1041,863,999,797,1008,1041
6000,FEMALE,HISPANIC,99,737,725,530,659,557,727
6000,FEMALE,HISPANIC,100,473,430,386,278,479,408
6000,FEMALE,HISPANIC,101,313,134,172,171,177,310
6000,FEMALE,HISPANIC,102,149,266,105,125,78,105
6000,FEMALE,HISPANIC,103,89,146,261,92,66,30
6000,FEMALE,HISPANIC,104,44,77,130,227,41,34
6000,FEMALE,HISPANIC,105,30,45,78,123,147,21
6000,FEMALE,HISPANIC,106,16,27,42,74,53,68
6000,FEMALE,HISPANIC,107,10,16,27,42,33,20
6000,FEMALE,HISPANIC,108,4,10,16,26,17,15
6000,FEMALE,HISPANIC,109,1,5,11,16,16,4
6000,FEMALE,HISPANIC,110,34,34,38,47,14,15
6000,MALE,WHITE NH,0,58889,66338,65995,63291,66130,65777
6000,MALE,WHITE NH,1,55956,58736,66163,65825,62962,65773
6000,MALE,WHITE NH,2,56400,56170,59051,66198,65773,63466
6000,MALE,WHITE NH,3,57762,56614,56337,59178,66181,66204
6000,MALE,WHITE NH,4,59174,58285,57171,56838,59338,66606
6000,MALE,WHITE NH,5,59560,58994,58286,57055,57033,59472
6000,MALE,WHITE NH,6,59617,60429,59809,59096,57630,57341
6000,MALE,WHITE NH,7,59617,59538,60568,60187,59248,57957
6000,MALE,WHITE NH,8,59599,60018,60208,60987,60498,59316
6000,MALE,WHITE NH,9,59629,59758,60121,60340,60911,60784
6000,MALE,WHITE NH,10,60521,59545,60318,60661,60320,61229
6000,MALE,WHITE NH,11,61850,60652,59465,60603,60654,60275
6000,MALE,WHITE NH,12,64057,61963,60532,59272,60147,60492
6000,MALE,WHITE NH,13,65097,64241,62399,60163,59320,60132
6000,MALE,WHITE NH,14,65587,65285,64415,62521,60210,59374
6000,MALE,WHITE NH,15,64806,65970,65451,64228,62465,60298
6000,MALE,WHITE NH,16,66190,64824,66128,65388,64232,62293
6000,MALE,WHITE NH,17,66110,66629,65520,66556,65660,64628
6000,MALE,WHITE NH,18,69970,80440,81854,81615,82286,80557
6000,MALE,WHITE NH,19,71393,75136,88104,90688,90277,91216
6000,MALE,WHITE NH,20,69907,73229,76554,88236,91191,90773
6000,MALE,WHITE NH,21,70852,68405,70580,73559,85583,88534
6000,MALE,WHITE NH,22,71302,67611,65605,67166,70479,81408
6000,MALE,WHITE NH,23,73566,67875,64890,62361,63609,66483
6000,MALE,WHITE NH,24,78830,71402,64818,62284,59935,61027
6000,MALE,WHITE NH,25,82072,78889,71580,63504,61164,58252
6000,MALE,WHITE NH,26,85556,77826,75594,66932,59342,58045
6000,MALE,WHITE NH,27,90046,85790,79745,76775,68401,61226
6000,MALE,WHITE NH,28,94801,89642,86243,80239,77093,69196
6000,MALE,WHITE NH,29,102000,95521,90814,86715,80409,77890
6000,MALE,WHITE NH,30,103378,102636,95720,91074,87425,80937
6000,MALE,WHITE NH,31,102455,103058,104094,96859,92532,88581
6000,MALE,WHITE NH,32,101019,101475,104019,104758,97329,92781
6000,MALE,WHITE NH,33,100798,100288,101515,103771,105285,97916
6000,MALE,WHITE NH,34,100516,100327,100853,102171,103812,105433
6000,MALE,WHITE NH,35,99858,99729,100889,101354,102555,104111
6000,MALE,WHITE NH,36,98676,99124,99951,101577,101832,103700
6000,MALE,WHITE NH,37,97866,97806,99359,100424,101981,102012
6000,MALE,WHITE NH,38,98124,96901,97997,99775,100561,102018
6000,MALE,WHITE NH,39,95369,97789,97460,97822,100106,101023
6000,MALE,WHITE NH,40,93650,94241,98258,97494,98680,101174
6000,MALE,WHITE NH,41,88987,93361,94507,98436,98284,99189
6000,MALE,WHITE NH,42,86838,87656,93210,94933,98886,98339
6000,MALE,WHITE NH,43,83765,85829,87343,93156,94937,98456
6000,MALE,WHITE NH,44,81671,83848,85619,87229,93562,95074
6000,MALE,WHITE NH,45,82093,81519,83865,85428,87696,93936
6000,MALE,WHITE NH,46,81125,82682,81693,84102,85569,87777
6000,MALE,WHITE NH,47,82116,80372,82892,82323,84172,85817
6000,MALE,WHITE NH,48,89035,81797,79808,82794,82976,84239
6000,MALE,WHITE NH,49,97569,88147,81398,79868,83349,84066
6000,MALE,WHITE NH,50,99857,96809,87720,81149,79012,82411
6000,MALE,WHITE NH,51,97422,99400,96437,87460,80509,79096
6000,MALE,WHITE NH,52,95862,95800,98128,95983,87344,80239
6000,MALE,WHITE NH,53,95577,94605,95054,97538,95822,87312
6000,MALE,WHITE NH,54,97589,94350,93465,94729,97045,95112
6000,MALE,WHITE NH,55,103784,97060,94134,93086,94763,96824
6000,MALE,WHITE NH,56,108453,102720,96776,93406,92685,94071
6000,MALE,WHITE NH,57,110282,106717,102056,96802,93279,91849
6000,MALE,WHITE NH,58,112133,109014,105966,101481,95881,92751
6000,MALE,WHITE NH,59,113586,110502,108316,105062,101377,95632
6000,MALE,WHITE NH,60,112382,112409,109469,107617,104797,100614
6000,MALE,WHITE NH,61,111674,110835,111337,108782,106984,104336
6000,MALE,WHITE NH,62,110084,109618,109834,109759,107292,105639
6000,MALE,WHITE NH,63,107873,107369,107651,107970,107724,105778
6000,MALE,WHITE NH,64,103273,106057,105252,105940,106439,106146
6000,MALE,WHITE NH,65,101597,100921,104073,103307,104328,105008
6000,MALE,WHITE NH,66,98233,99352,99000,102104,101400,102511
6000,MALE,WHITE NH,67,93894,96245,97628,97339,100385,99734
6000,MALE,WHITE NH,68,91405,91126,93743,95513,95424,98557
6000,MALE,WHITE NH,69,85784,89484,88895,91866,93887,93861
6000,MALE,WHITE NH,70,83173,83043,87405,86712,90391,92512
6000,MALE,WHITE NH,71,81425,80748,81296,85889,85267,88254
6000,MALE,WHITE NH,72,81925,79492,78746,79253,84244,83294
6000,MALE,WHITE NH,73,84055,79699,77236,76249,77141,81842
6000,MALE,WHITE NH,74,64675,80561,77026,74553,74085,74955
6000,MALE,WHITE NH,75,58446,62565,78649,75087,73166,72651
6000,MALE,WHITE NH,76,56908,56601,60440,76356,72476,70838
6000,MALE,WHITE NH,77,55363,54612,54481,58256,73790,70300
6000,MALE,WHITE NH,78,48219,52718,52319,52306,56098,71127
6000,MALE,WHITE NH,79,41907,45705,50104,49860,50270,54120
6000,MALE,WHITE NH,80,37706,39588,43100,47583,47990,48631
6000,MALE,WHITE NH,81,35230,35381,37217,40494,44564,45154
6000,MALE,WHITE NH,82,32082,32742,33071,34815,37844,41792
6000,MALE,WHITE NH,83,28652,29433,30211,30605,32621,35513
6000,MALE,WHITE NH,84,25821,26142,26829,27651,28511,30466
6000,MALE,WHITE NH,85,22879,23055,23390,24162,25805,26513
6000,MALE,WHITE NH,86,19917,20210,20522,20921,21460,22985
6000,MALE,WHITE NH,87,17874,17289,17710,18034,18529,19128
6000,MALE,WHITE NH,88,15783,15285,14729,15111,15933,16463
6000,MALE,WHITE NH,89,14319,13146,12870,12275,13523,14286
6000,MALE,WHITE NH,90,12340,12293,11213,10856,11157,12223
6000,MALE,WHITE NH,91,9944,9870,9971,8949,8812,8951
6000,MALE,WHITE NH,92,7909,7563,7524,7699,7041,6950
6000,MALE,WHITE NH,93,6379,5853,5467,5460,6109,5651
6000,MALE,WHITE NH,94,4978,4443,3993,3644,4327,4889
6000,MALE,WHITE NH,95,3904,3369,2935,2488,2849,3397
6000,MALE,WHITE NH,96,2804,2549,2111,1615,1726,1956
6000,MALE,WHITE NH,97,1967,1644,1455,978,1092,1215
6000,MALE,WHITE NH,98,1289,1064,672,389,702,767
6000,MALE,WHITE NH,99,936,721,450,150,268,494
6000,MALE,WHITE NH,100,533,297,138,78,101,198
6000,MALE,WHITE NH,101,335,65,59,26,53,66
6000,MALE,WHITE NH,102,182,268,44,40,15,31
6000,MALE,WHITE NH,103,91,163,222,24,20,2
6000,MALE,WHITE NH,104,54,100,150,175,16,15
6000,MALE,WHITE NH,105,35,46,78,115,81,9
6000,MALE,WHITE NH,106,15,32,43,75,59,34
6000,MALE,WHITE NH,107,10,16,33,42,33,28
6000,MALE,WHITE NH,108,2,11,17,32,15,17
6000,MALE,WHITE NH,109,1,0,9,15,14,3
6000,MALE,WHITE NH,110,38,39,39,45,19,15
6000,MALE,BLACK NH,0,11329,11404,11590,10503,13205,13269
6000,MALE,BLACK NH,1,10739,11237,11318,11506,10431,13122
6000,MALE,BLACK NH,2,10893,10691,11241,11245,11501,10411
6000,MALE,BLACK NH,3,11023,11159,10693,11219,11178,11563
6000,MALE,BLACK NH,4,11360,11042,11245,10666,11161,11168
6000,MALE,BLACK NH,5,11514,11489,11228,11337,10635,11132
6000,MALE,BLACK NH,6,11801,11724,11895,11373,11518,10543
6000,MALE,BLACK NH,7,12186,11867,11679,12039,11499,11803
6000,MALE,BLACK NH,8,12245,12180,11763,11628,11986,11455
6000,MALE,BLACK NH,9,12521,12281,12244,11880,11760,12026
6000,MALE,BLACK NH,10,12424,12436,12343,12344,11819,11785
6000,MALE,BLACK NH,11,12738,12632,12271,12370,12196,11828
6000,MALE,BLACK NH,12,13137,12818,12862,12482,12543,12123
6000,MALE,BLACK NH,13,12844,13092,12877,13083,12746,12628
6000,MALE,BLACK NH,14,12573,12829,13047,12962,13135,12789
6000,MALE,BLACK NH,15,12656,12409,12804,12968,12965,13222
6000,MALE,BLACK NH,16,13228,12836,12572,13025,13071,13208
6000,MALE,BLACK NH,17,13186,13395,12855,12784,13114,13117
6000,MALE,BLACK NH,18,13616,15921,16325,16048,15885,16095
6000,MALE,BLACK NH,19,13467,14602,17089,17521,17473,17219
6000,MALE,BLACK NH,20,13841,14358,15642,18206,18682,18635
6000,MALE,BLACK NH,21,14627,13255,13546,14656,17473,18015
6000,MALE,BLACK NH,22,14636,14030,12804,12818,14117,16938
6000,MALE,BLACK NH,23,15219,14260,13779,12725,12773,13846
6000,MALE,BLACK NH,24,16123,14993,14175,13611,12655,12696
6000,MALE,BLACK NH,25,17559,16305,15320,14112,13639,12692
6000,MALE,BLACK NH,26,18302,17455,15913,15315,13899,13517
6000,MALE,BLACK NH,27,19542,18500,17377,15746,15082,13712
6000,MALE,BLACK NH,28,20203,19402,18424,17696,15722,15324
6000,MALE,BLACK NH,29,20703,20460,19500,18775,18100,15632
6000,MALE,BLACK NH,30,20921,20818,20553,20062,19233,18500
6000,MALE,BLACK NH,31,19601,20795,20605,20467,20050,19211
6000,MALE,BLACK NH,32,18836,19823,20654,20851,20768,20304
6000,MALE,BLACK NH,33,17822,18479,19618,20880,20946,20709
6000,MALE,BLACK NH,34,17149,17784,18663,19653,20939,21038
6000,MALE,BLACK NH,35,16854,16618,17432,18118,19432,20907
6000,MALE,BLACK NH,36,15952,17081,17135,18111,18293,19895
6000,MALE,BLACK NH,37,15668,15772,17035,17122,18266,18201
6000,MALE,BLACK NH,38,15459,15303,15439,16824,16975,18165
6000,MALE,BLACK NH,39,15283,15003,14905,15061,16649,16698
6000,MALE,BLACK NH,40,15447,15319,15009,15051,15217,16777
6000,MALE,BLACK NH,41,14674,15438,15156,15016,15219,15419
6000,MALE,BLACK NH,42,13914,14484,15147,14973,15221,15244
6000,MALE,BLACK NH,43,13395,13626,14220,14957,14906,15172
6000,MALE,BLACK NH,44,13354,13209,13486,14378,15051,14937
6000,MALE,BLACK NH,45,13768,13266,13356,13719,14663,15034
6000,MALE,BLACK NH,46,13040,13861,13328,13581,13931,14870
6000,MALE,BLACK NH,47,13143,12989,13900,13247,13686,14127
6000,MALE,BLACK NH,48,13688,12968,12741,13664,13066,13566
6000,MALE,BLACK NH,49,15165,13422,13042,12907,13791,13197
6000,MALE,BLACK NH,50,15471,14974,13075,12801,12841,13621
6000,MALE,BLACK NH,51,15229,15179,14734,12899,12623,12688
6000,MALE,BLACK NH,52,14703,15309,15072,14479,12627,12479
6000,MALE,BLACK NH,53,14516,14646,15414,15307,14425,12995
6000,MALE,BLACK NH,54,15005,14238,14252,15046,15366,14489
6000,MALE,BLACK NH,55,15604,14753,14003,14126,15209,15282
6000,MALE,BLACK NH,56,15814,15248,14385,13643,13815,14969
6000,MALE,BLACK NH,57,15220,15819,15068,14270,13802,13875
6000,MALE,BLACK NH,58,15197,14931,15795,14649,14022,13899
6000,MALE,BLACK NH,59,15648,14792,14725,15547,14439,13973
6000,MALE,BLACK NH,60,15394,15019,14124,14208,15427,14376
6000,MALE,BLACK NH,61,14449,14830,14509,13852,14005,15341
6000,MALE,BLACK NH,62,13701,14048,14515,14120,13536,13922
6000,MALE,BLACK NH,63,12798,13234,13597,14044,13787,13312
6000,MALE,BLACK NH,64,12537,12392,12849,13253,13727,13570
6000,MALE,BLACK NH,65,11769,12276,12081,12187,13154,13307
6000,MALE,BLACK NH,66,10591,11271,11602,11601,11926,12862
6000,MALE,BLACK NH,67,9836,9973,10654,11118,11249,11882
6000,MALE,BLACK NH,68,8752,9415,9711,10550,10945,11088
6000,MALE,BLACK NH,69,8593,8114,8799,9405,10391,10726
6000,MALE,BLACK NH,70,8142,8295,7732,8611,9336,10384
6000,MALE,BLACK NH,71,7638,7937,8184,7530,8565,9181
6000,MALE,BLACK NH,72,6944,7253,7498,7802,7323,8265
6000,MALE,BLACK NH,73,6519,6808,6881,7108,7568,7166
6000,MALE,BLACK NH,74,5164,6047,6496,6550,6904,7347
6000,MALE,BLACK NH,75,4769,4896,5738,6291,6407,6781
6000,MALE,BLACK NH,76,4527,4490,4582,5452,6090,6207
6000,MALE,BLACK NH,77,4239,4252,4250,4335,5243,5834
6000,MALE,BLACK NH,78,3882,3959,3971,4006,4190,5076
6000,MALE,BLACK NH,79,3475,3640,3770,3783,3947,4102
6000,MALE,BLACK NH,80,3269,3132,3304,3419,3554,3731
6000,MALE,BLACK NH,81,2933,2994,2957,3053,3248,3381
6000,MALE,BLACK NH,82,2756,2643,2720,2695,2839,3028
6000,MALE,BLACK NH,83,2487,2510,2451,2521,2553,2671
6000,MALE,BLACK NH,84,2276,2223,2258,2188,2354,2378
6000,MALE,BLACK NH,85,1982,1959,1921,1996,1970,2124
6000,MALE,BLACK NH,86,1612,1721,1704,1719,1779,1749
6000,MALE,BLACK NH,87,1371,1402,1549,1500,1560,1601
6000,MALE,BLACK NH,88,1144,1160,1192,1347,1320,1369
6000,MALE,BLACK NH,89,927,909,967,1011,1197,1238
6000,MALE,BLACK NH,90,789,763,735,808,893,1084
6000,MALE,BLACK NH,91,652,613,619,600,662,752
6000,MALE,BLACK NH,92,482,507,478,457,458,496
6000,MALE,BLACK NH,93,384,350,381,355,358,368
6000,MALE,BLACK NH,94,336,284,250,285,313,298
6000,MALE,BLACK NH,95,249,257,216,184,220,243
6000,MALE,BLACK NH,96,185,184,175,146,111,157
6000,MALE,BLACK NH,97,133,111,124,104,92,73
6000,MALE,BLACK NH,98,107,89,71,82,76,70
6000,MALE,BLACK NH,99,61,75,52,26,51,54
6000,MALE,BLACK NH,100,40,23,31,30,18,38
6000,MALE,BLACK NH,101,29,10,14,17,21,11
6000,MALE,BLACK NH,102,13,24,10,11,8,17
6000,MALE,BLACK NH,103,4,12,22,9,2,3
6000,MALE,BLACK NH,104,2,4,12,19,4,1
6000,MALE,BLACK NH,105,1,2,4,10,14,4
6000,MALE,BLACK NH,106,1,1,2,4,6,7
6000,MALE,BLACK NH,107,0,1,1,2,3,3
6000,MALE,BLACK NH,108,0,0,1,1,1,1
6000,MALE,BLACK NH,109,0,0,0,1,1,0
6000,MALE,BLACK NH,110,7,7,7,7,3,0
6000,MALE,AIAN NH,0,708,838,846,805,1022,1020
6000,MALE,AIAN NH,1,774,713,845,848,811,1024
6000,MALE,AIAN NH,2,812,762,703,829,831,798
6000,MALE,AIAN NH,3,788,807,764,708,837,840
6000,MALE,AIAN NH,4,901,781,800,764,701,835
6000,MALE,AIAN NH,5,896,914,805,826,779,712
6000,MALE,AIAN NH,6,883,882,902,792,815,770
6000,MALE,AIAN NH,7,837,894,894,915,805,821
6000,MALE,AIAN NH,8,886,840,898,897,918,807
6000,MALE,AIAN NH,9,859,882,863,931,924,917
6000,MALE,AIAN NH,10,919,870,886,864,933,929
6000,MALE,AIAN NH,11,893,935,867,884,862,938
6000,MALE,AIAN NH,12,963,905,940,869,897,866
6000,MALE,AIAN NH,13,939,959,901,937,867,892
6000,MALE,AIAN NH,14,944,944,964,904,945,869
6000,MALE,AIAN NH,15,917,944,944,961,901,934
6000,MALE,AIAN NH,16,945,922,951,953,970,909
6000,MALE,AIAN NH,17,920,953,944,982,981,1003
6000,MALE,AIAN NH,18,945,1033,1087,1081,1111,1115
6000,MALE,AIAN NH,19,945,1005,1092,1185,1151,1226
6000,MALE,AIAN NH,20,994,969,1023,1112,1168,1195
6000,MALE,AIAN NH,21,1072,1024,1003,1038,1123,1189
6000,MALE,AIAN NH,22,1063,1075,966,999,1042,1123
6000,MALE,AIAN NH,23,1053,1040,1068,963,1016,1059
6000,MALE,AIAN NH,24,1114,1000,986,1015,923,979
6000,MALE,AIAN NH,25,1110,1145,1049,1044,1074,1010
6000,MALE,AIAN NH,26,1106,1099,1137,982,1001,1019
6000,MALE,AIAN NH,27,1201,1076,1088,1127,1001,1012
6000,MALE,AIAN NH,28,1235,1221,1086,1111,1156,1036
6000,MALE,AIAN NH,29,1274,1258,1257,1115,1146,1193
6000,MALE,AIAN NH,30,1301,1234,1216,1203,1090,1116
6000,MALE,AIAN NH,31,1214,1323,1235,1230,1239,1096
6000,MALE,AIAN NH,32,1201,1211,1382,1243,1255,1231
6000,MALE,AIAN NH,33,1110,1202,1185,1358,1276,1226
6000,MALE,AIAN NH,34,1120,1104,1187,1180,1363,1279
6000,MALE,AIAN NH,35,1062,1113,1094,1211,1182,1377
6000,MALE,AIAN NH,36,1103,1193,1247,1252,1265,1251
6000,MALE,AIAN NH,37,1066,1093,1185,1264,1244,1247
6000,MALE,AIAN NH,38,1026,1030,1062,1176,1243,1228
6000,MALE,AIAN NH,39,1052,1015,1030,1058,1174,1237
6000,MALE,AIAN NH,40,1083,1024,1001,1032,1059,1168
6000,MALE,AIAN NH,41,953,1061,1046,986,1073,1063
6000,MALE,AIAN NH,42,972,946,1053,1036,992,1069
6000,MALE,AIAN NH,43,951,984,972,1068,1056,1016
6000,MALE,AIAN NH,44,952,1007,1004,1011,1096,1105
6000,MALE,AIAN NH,45,947,983,1015,1030,1038,1117
6000,MALE,AIAN NH,46,943,914,948,977,987,984
6000,MALE,AIAN NH,47,948,927,897,936,970,983
6000,MALE,AIAN NH,48,960,947,946,897,940,982
6000,MALE,AIAN NH,49,1067,981,962,961,919,971
6000,MALE,AIAN NH,50,1064,1046,950,934,934,887
6000,MALE,AIAN NH,51,1065,1079,1053,949,952,939
6000,MALE,AIAN NH,52,1037,1068,1085,1054,966,953
6000,MALE,AIAN NH,53,1037,1008,1051,1089,1016,1007
6000,MALE,AIAN NH,54,1009,1034,1006,1063,1095,1025
6000,MALE,AIAN NH,55,1057,966,1006,963,1050,1073
6000,MALE,AIAN NH,56,1094,1017,938,990,958,1038
6000,MALE,AIAN NH,57,1145,1084,1016,934,1000,962
6000,MALE,AIAN NH,58,1137,1128,1093,1017,936,1003
6000,MALE,AIAN NH,59,1233,1116,1104,1071,1018,930
6000,MALE,AIAN NH,60,1136,1229,1087,1068,1027,973
6000,MALE,AIAN NH,61,1014,1112,1226,1060,1045,1016
6000,MALE,AIAN NH,62,1057,970,1072,1201,1029,1027
6000,MALE,AIAN NH,63,1008,1085,1003,1054,1252,1084
6000,MALE,AIAN NH,64,955,984,1068,995,1050,1236
6000,MALE,AIAN NH,65,881,911,962,1045,971,1025
6000,MALE,AIAN NH,66,854,872,874,923,1002,983
6000,MALE,AIAN NH,67,817,837,901,857,905,1040
6000,MALE,AIAN NH,68,729,801,821,872,865,878
6000,MALE,AIAN NH,69,748,692,773,792,855,835
6000,MALE,AIAN NH,70,679,715,654,742,762,811
6000,MALE,AIAN NH,71,722,669,699,658,734,745
6000,MALE,AIAN NH,72,663,706,662,717,677,750
6000,MALE,AIAN NH,73,605,635,669,627,684,648
6000,MALE,AIAN NH,74,537,573,603,641,598,662
6000,MALE,AIAN NH,75,443,516,601,630,619,585
6000,MALE,AIAN NH,76,438,434,509,607,624,611
6000,MALE,AIAN NH,77,419,420,419,485,570,589
6000,MALE,AIAN NH,78,375,400,401,404,462,549
6000,MALE,AIAN NH,79,326,353,372,383,391,439
6000,MALE,AIAN NH,80,291,313,351,373,371,425
6000,MALE,AIAN NH,81,286,274,301,337,344,337
6000,MALE,AIAN NH,82,247,263,249,281,304,318
6000,MALE,AIAN NH,83,220,227,242,235,267,281
6000,MALE,AIAN NH,84,163,208,211,223,223,253
6000,MALE,AIAN NH,85,193,149,191,196,197,206
6000,MALE,AIAN NH,86,130,180,139,174,171,177
6000,MALE,AIAN NH,87,115,122,176,133,156,151
6000,MALE,AIAN NH,88,160,99,105,152,111,129
6000,MALE,AIAN NH,89,85,152,87,108,164,105
6000,MALE,AIAN NH,90,74,82,147,83,98,145
6000,MALE,AIAN NH,91,62,69,79,145,72,81
6000,MALE,AIAN NH,92,37,55,60,69,102,58
6000,MALE,AIAN NH,93,26,31,48,54,52,80
6000,MALE,AIAN NH,94,23,24,29,42,47,42
6000,MALE,AIAN NH,95,11,19,21,26,27,37
6000,MALE,AIAN NH,96,18,14,18,18,20,16
6000,MALE,AIAN NH,97,7,11,8,12,12,12
6000,MALE,AIAN NH,98,5,7,8,6,10,10
6000,MALE,AIAN NH,99,12,9,11,8,8,11
6000,MALE,AIAN NH,100,7,6,4,3,4,2
6000,MALE,AIAN NH,101,5,6,3,3,1,4
6000,MALE,AIAN NH,102,0,5,4,1,2,1
6000,MALE,AIAN NH,103,1,0,4,3,0,2
6000,MALE,AIAN NH,104,0,1,0,3,2,0
6000,MALE,AIAN NH,105,0,0,1,0,2,1
6000,MALE,AIAN NH,106,0,0,0,1,0,2
6000,MALE,AIAN NH,107,0,0,0,0,0,0
6000,MALE,AIAN NH,108,0,0,0,0,0,0
6000,MALE,AIAN NH,109,0,0,0,0,0,0
6000,MALE,AIAN NH,110,0,0,0,0,0,0
6000,MALE,ASIAN NH,0,28036,25015,25338,24273,26754,26419
6000,MALE,ASIAN NH,1,29925,27969,24938,25257,24153,26622
6000,MALE,ASIAN NH,2,32764,29867,28175,25093,25593,24347
6000,MALE,ASIAN NH,3,35059,32853,29937,28282,25233,25717
6000,MALE,ASIAN NH,4,34481,34882,33047,29998,28293,25685
6000,MALE,ASIAN NH,5,36112,34403,35123,33187,30310,28421
6000,MALE,ASIAN NH,6,34721,36480,34887,35641,33722,30852
6000,MALE,ASIAN NH,7,34763,34933,37020,35199,35945,33876
6000,MALE,ASIAN NH,8,32749,34869,35197,37060,35477,36052
6000,MALE,ASIAN NH,9,31778,32903,35166,35498,37078,35897
6000,MALE,ASIAN NH,10,31206,31778,32978,35465,35655,37106
6000,MALE,ASIAN NH,11,31707,31034,31797,33107,35472,35827
6000,MALE,ASIAN NH,12,33338,31494,31146,31865,33160,35632
6000,MALE,ASIAN NH,13,33346,33196,31522,31395,32109,33338
6000,MALE,ASIAN NH,14,31966,33409,33280,31643,31284,32139
6000,MALE,ASIAN NH,15,32342,31825,33317,33249,31620,31310
6000,MALE,ASIAN NH,16,32546,32339,32104,33321,33689,32169
6000,MALE,ASIAN NH,17,33257,32656,32583,32594,33495,33809
6000,MALE,ASIAN NH,18,35396,41691,42401,43301,42852,43490
6000,MALE,ASIAN NH,19,34815,38739,45713,46691,47415,47894
6000,MALE,ASIAN NH,20,32111,33499,37279,43757,45814,46115
6000,MALE,ASIAN NH,21,30848,30369,32560,35957,42225,44683
6000,MALE,ASIAN NH,22,33013,29230,29173,30932,34860,40794
6000,MALE,ASIAN NH,23,35810,31981,28464,28685,30040,34089
6000,MALE,ASIAN NH,24,38107,35055,31893,27373,28281,29777
6000,MALE,ASIAN NH,25,41563,37328,35091,31453,26567,27105
6000,MALE,ASIAN NH,26,43164,39863,34954,32791,28244,23554
6000,MALE,ASIAN NH,27,45117,42771,39660,34897,32396,28016
6000,MALE,ASIAN NH,28,48165,45403,43567,39989,35827,32805
6000,MALE,ASIAN NH,29,51093,48360,45451,44037,40608,36052
6000,MALE,ASIAN NH,30,52905,51243,48631,45763,44864,41152
6000,MALE,ASIAN NH,31,53336,52457,51551,49072,45802,45332
6000,MALE,ASIAN NH,32,51298,53345,52661,51848,49890,46846
6000,MALE,ASIAN NH,33,49738,51478,53774,53022,52535,50283
6000,MALE,ASIAN NH,34,48641,49716,51794,54599,53417,52766
6000,MALE,ASIAN NH,35,48072,48160,49791,52248,54878,53809
6000,MALE,ASIAN NH,36,48879,47903,48115,50326,52724,55093
6000,MALE,ASIAN NH,37,47842,49128,48101,48545,50479,53360
6000,MALE,ASIAN NH,38,46704,47929,49244,48481,48768,50703
6000,MALE,ASIAN NH,39,45285,46397,48103,49836,49035,49004
6000,MALE,ASIAN NH,40,43465,44767,46657,48385,49855,49358
6000,MALE,ASIAN NH,41,42320,43187,45219,46911,48674,50173
6000,MALE,ASIAN NH,42,41152,42028,43310,45532,47090,48829
6000,MALE,ASIAN NH,43,41238,40801,42071,43779,45443,46998
6000,MALE,ASIAN NH,44,41235,41402,40817,42328,43992,45486
6000,MALE,ASIAN NH,45,41733,40912,41554,40962,42374,44127
6000,MALE,ASIAN NH,46,42414,41466,40819,41625,41018,42294
6000,MALE,ASIAN NH,47,41974,42214,41587,41139,41607,41284
6000,MALE,ASIAN NH,48,42356,41621,42078,41742,41188,41717
6000,MALE,ASIAN NH,49,41451,41916,41852,42681,41818,41598
6000,MALE,ASIAN NH,50,41156,41229,41574,41705,42545,41717
6000,MALE,ASIAN NH,51,40378,41240,41184,42047,41685,42585
6000,MALE,ASIAN NH,52,38227,39955,41365,41408,42347,42010
6000,MALE,ASIAN NH,53,36468,38159,39893,41555,41418,42631
6000,MALE,ASIAN NH,54,36823,35925,37846,40075,41481,41438
6000,MALE,ASIAN NH,55,36915,36932,35993,37898,40006,41422
6000,MALE,ASIAN NH,56,37330,36701,36902,36023,37644,39999
6000,MALE,ASIAN NH,57,37641,37244,36354,36525,35861,37501
6000,MALE,ASIAN NH,58,35756,37358,37264,36276,36418,35804
6000,MALE,ASIAN NH,59,34198,35382,37189,37198,36208,36231
6000,MALE,ASIAN NH,60,35124,34331,35437,36925,37078,36519
6000,MALE,ASIAN NH,61,34035,34935,34351,35411,36446,36994
6000,MALE,ASIAN NH,62,33588,33296,34750,34375,35061,36185
6000,MALE,ASIAN NH,63,32782,33333,33153,34500,34339,35028
6000,MALE,ASIAN NH,64,31706,32193,33070,33062,34203,33899
6000,MALE,ASIAN NH,65,31836,31243,31855,32904,32936,34013
6000,MALE,ASIAN NH,66,29971,31809,30988,31850,32682,32551
6000,MALE,ASIAN NH,67,28675,29329,31406,30763,31577,32212
6000,MALE,ASIAN NH,68,27025,28084,29030,31174,30348,31367
6000,MALE,ASIAN NH,69,25655,26580,27874,28775,30927,30052
6000,MALE,ASIAN NH,70,25847,25013,26299,27363,28047,30414
6000,MALE,ASIAN NH,71,24085,25178,24690,25954,26975,27594
6000,MALE,ASIAN NH,72,22456,23260,24846,24397,25442,26453
6000,MALE,ASIAN NH,73,21292,21892,22839,24770,23807,24942
6000,MALE,ASIAN NH,74,17914,20401,21460,22336,24211,23443
6000,MALE,ASIAN NH,75,16296,17233,19999,21037,21924,23846
6000,MALE,ASIAN NH,76,15259,15925,16931,19677,20486,21372
6000,MALE,ASIAN NH,77,14226,14726,15603,16499,19013,19926
6000,MALE,ASIAN NH,78,12975,13764,14514,15422,16334,18626
6000,MALE,ASIAN NH,79,12254,12494,13447,14239,15037,15945
6000,MALE,ASIAN NH,80,11578,11793,12195,13132,13821,14535
6000,MALE,ASIAN NH,81,10458,11085,11418,11789,12410,13098
6000,MALE,ASIAN NH,82,9618,9863,10539,10901,11035,11627
6000,MALE,ASIAN NH,83,8746,9104,9407,10156,10381,10428
6000,MALE,ASIAN NH,84,7821,8190,8640,8931,9574,9853
6000,MALE,ASIAN NH,85,7302,7166,7637,8129,8305,8986
6000,MALE,ASIAN NH,86,6307,6771,6710,7138,7325,7482
6000,MALE,ASIAN NH,87,5703,5767,6303,6250,6458,6617
6000,MALE,ASIAN NH,88,4931,5083,5194,5783,5500,5792
6000,MALE,ASIAN NH,89,4342,4390,4633,4774,5226,4933
6000,MALE,ASIAN NH,90,3752,3990,4039,4262,4336,4712
6000,MALE,ASIAN NH,91,3022,3228,3488,3549,3477,3506
6000,MALE,ASIAN NH,92,2331,2489,2729,3023,2844,2805
6000,MALE,ASIAN NH,93,1888,1876,2043,2274,2408,2276
6000,MALE,ASIAN NH,94,1573,1549,1542,1718,1875,1962
6000,MALE,ASIAN NH,95,1158,1235,1247,1158,1362,1502
6000,MALE,ASIAN NH,96,857,913,1014,972,834,987
6000,MALE,ASIAN NH,97,661,612,691,741,680,575
6000,MALE,ASIAN NH,98,525,466,450,477,528,474
6000,MALE,ASIAN NH,99,351,343,317,294,330,371
6000,MALE,ASIAN NH,100,188,190,222,208,209,233
6000,MALE,ASIAN NH,101,133,41,48,81,127,121
6000,MALE,ASIAN NH,102,81,124,33,37,51,79
6000,MALE,ASIAN NH,103,41,74,115,25,19,27
6000,MALE,ASIAN NH,104,14,40,72,109,13,10
6000,MALE,ASIAN NH,105,19,15,40,70,56,6
6000,MALE,ASIAN NH,106,9,18,14,38,29,21
6000,MALE,ASIAN NH,107,2,9,18,14,13,12
6000,MALE,ASIAN NH,108,1,2,9,16,4,5
6000,MALE,ASIAN NH,109,0,1,2,8,8,2
6000,MALE,ASIAN NH,110,21,21,21,20,13,11
6000,MALE,NHPI NH,0,839,687,708,457,625,619
6000,MALE,NHPI NH,1,896,846,695,718,465,630
6000,MALE,NHPI NH,2,931,902,855,686,703,464
6000,MALE,NHPI NH,3,941,921,899,841,682,693
6000,MALE,NHPI NH,4,936,932,914,904,842,674
6000,MALE,NHPI NH,5,984,988,975,944,951,850
6000,MALE,NHPI NH,6,887,989,1005,982,949,956
6000,MALE,NHPI NH,7,886,879,980,1003,977,942
6000,MALE,NHPI NH,8,836,879,873,980,1006,979
6000,MALE,NHPI NH,9,812,824,872,866,968,1007
6000,MALE,NHPI NH,10,757,878,855,875,890,979
6000,MALE,NHPI NH,11,790,757,875,879,902,886
6000,MALE,NHPI NH,12,865,794,774,897,882,913
6000,MALE,NHPI NH,13,882,854,787,769,909,872
6000,MALE,NHPI NH,14,816,876,848,780,765,907
6000,MALE,NHPI NH,15,914,815,878,850,781,767
6000,MALE,NHPI NH,16,903,920,839,889,851,805
6000,MALE,NHPI NH,17,865,897,911,838,894,850
6000,MALE,NHPI NH,18,881,1029,1085,1135,1050,1099
6000,MALE,NHPI NH,19,895,847,1000,1052,1110,1035
6000,MALE,NHPI NH,20,934,993,931,1081,1143,1198
6000,MALE,NHPI NH,21,893,917,983,916,1070,1149
6000,MALE,NHPI NH,22,907,953,909,976,953,1108
6000,MALE,NHPI NH,23,905,894,936,861,925,925
6000,MALE,NHPI NH,24,963,899,895,937,844,928
6000,MALE,NHPI NH,25,1030,1103,955,930,989,889
6000,MALE,NHPI NH,26,1012,945,1010,868,832,889
6000,MALE,NHPI NH,27,1054,1052,972,1051,923,810
6000,MALE,NHPI NH,28,1134,1124,1098,1035,1124,957
6000,MALE,NHPI NH,29,1225,1106,1096,1071,1030,1098
6000,MALE,NHPI NH,30,1208,1252,1196,1163,1127,1111
6000,MALE,NHPI NH,31,1278,1180,1213,1151,1129,1077
6000,MALE,NHPI NH,32,1175,1293,1202,1245,1165,1139
6000,MALE,NHPI NH,33,1213,1198,1300,1240,1278,1167
6000,MALE,NHPI NH,34,1206,1215,1237,1325,1302,1356
6000,MALE,NHPI NH,35,1194,1213,1196,1240,1317,1277
6000,MALE,NHPI NH,36,1178,1187,1222,1189,1229,1309
6000,MALE,NHPI NH,37,1132,1158,1175,1210,1219,1220
6000,MALE,NHPI NH,38,1143,1111,1141,1174,1195,1201
6000,MALE,NHPI NH,39,1184,1140,1124,1192,1197,1259
6000,MALE,NHPI NH,40,1067,1229,1199,1193,1179,1173
6000,MALE,NHPI NH,41,1067,1057,1233,1203,1186,1175
6000,MALE,NHPI NH,42,968,1091,1095,1233,1214,1205
6000,MALE,NHPI NH,43,966,978,1122,1126,1270,1256
6000,MALE,NHPI NH,44,941,953,965,1100,1094,1242
6000,MALE,NHPI NH,45,986,964,960,961,1089,1102
6000,MALE,NHPI NH,46,996,976,943,963,962,1143
6000,MALE,NHPI NH,47,1069,1076,971,1010,1010,1007
6000,MALE,NHPI NH,48,980,1139,1076,994,1033,1055
6000,MALE,NHPI NH,49,963,968,1126,1083,1011,1042
6000,MALE,NHPI NH,50,983,982,972,1133,1069,997
6000,MALE,NHPI NH,51,925,996,987,971,1115,1063
6000,MALE,NHPI NH,52,907,911,1002,993,982,1100
6000,MALE,NHPI NH,53,942,870,877,969,992,944
6000,MALE,NHPI NH,54,980,983,884,893,1034,1051
6000,MALE,NHPI NH,55,999,1043,1016,904,913,1012
6000,MALE,NHPI NH,56,914,988,1034,1115,894,929
6000,MALE,NHPI NH,57,936,902,983,1054,1117,905
6000,MALE,NHPI NH,58,1012,933,899,985,1053,1122
6000,MALE,NHPI NH,59,1032,1041,902,866,975,1024
6000,MALE,NHPI NH,60,998,1086,1091,969,844,998
6000,MALE,NHPI NH,61,924,984,1092,1112,1006,840
6000,MALE,NHPI NH,62,872,942,1033,1114,1139,1015
6000,MALE,NHPI NH,63,835,854,1000,1043,1096,1153
6000,MALE,NHPI NH,64,759,887,871,1016,1047,1144
6000,MALE,NHPI NH,65,717,716,858,827,978,1033
6000,MALE,NHPI NH,66,646,714,709,860,818,959
6000,MALE,NHPI NH,67,621,629,699,698,825,805
6000,MALE,NHPI NH,68,575,657,680,764,758,913
6000,MALE,NHPI NH,69,528,575,658,650,694,694
6000,MALE,NHPI NH,70,554,529,567,646,628,676
6000,MALE,NHPI NH,71,543,536,523,564,636,609
6000,MALE,NHPI NH,72,446,668,542,526,570,644
6000,MALE,NHPI NH,73,460,424,669,542,524,549
6000,MALE,NHPI NH,74,390,569,422,671,522,554
6000,MALE,NHPI NH,75,332,358,542,405,633,499
6000,MALE,NHPI NH,76,324,349,383,573,407,641
6000,MALE,NHPI NH,77,279,318,363,397,566,396
6000,MALE,NHPI NH,78,245,293,333,379,399,570
6000,MALE,NHPI NH,79,201,245,289,328,365,386
6000,MALE,NHPI NH,80,197,214,267,311,338,378
6000,MALE,NHPI NH,81,166,185,194,236,254,279
6000,MALE,NHPI NH,82,150,168,187,197,229,239
6000,MALE,NHPI NH,83,159,167,190,217,215,249
6000,MALE,NHPI NH,84,128,152,160,180,185,186
6000,MALE,NHPI NH,85,134,145,163,176,178,175
6000,MALE,NHPI NH,86,93,124,129,146,141,141
6000,MALE,NHPI NH,87,107,117,152,161,169,160
6000,MALE,NHPI NH,88,56,85,88,118,108,114
6000,MALE,NHPI NH,89,72,52,81,84,105,90
6000,MALE,NHPI NH,90,45,75,55,84,76,96
6000,MALE,NHPI NH,91,32,46,76,56,71,57
6000,MALE,NHPI NH,92,38,32,46,75,46,59
6000,MALE,NHPI NH,93,27,34,28,42,53,34
6000,MALE,NHPI NH,94,25,25,32,26,29,42
6000,MALE,NHPI NH,95,8,25,25,32,21,24
6000,MALE,NHPI NH,96,7,6,23,23,18,14
6000,MALE,NHPI NH,97,7,8,7,23,13,12
6000,MALE,NHPI NH,98,2,6,7,5,16,9
6000,MALE,NHPI NH,99,8,7,11,11,7,15
6000,MALE,NHPI NH,100,1,4,3,7,2,3
6000,MALE,NHPI NH,101,0,0,3,2,3,2
6000,MALE,NHPI NH,102,0,0,0,3,1,0
6000,MALE,NHPI NH,103,0,0,0,0,0,1
6000,MALE,NHPI NH,104,0,0,0,0,0,0
6000,MALE,NHPI NH,105,0,0,0,0,0,0
6000,MALE,NHPI NH,106,0,0,0,0,0,0
6000,MALE,NHPI NH,107,0,0,0,0,0,0
6000,MALE,NHPI NH,108,0,0,0,0,0,0
6000,MALE,NHPI NH,109,0,0,0,0,0,0
6000,MALE,NHPI NH,110,0,0,0,0,0,0
6000,MALE,MR NH,0,15764,9638,9886,9388,11979,11902
6000,MALE,MR NH,1,18204,15751,9624,9872,9330,11925
6000,MALE,MR NH,2,18705,18479,16009,9922,10033,9806
6000,MALE,MR NH,3,18978,18973,18632,16029,9992,10127
6000,MALE,MR NH,4,18762,18875,18840,18715,15998,10075
6000,MALE,MR NH,5,19144,18830,19069,18956,18927,16089
6000,MALE,MR NH,6,18950,19270,19079,19332,19181,19192
6000,MALE,MR NH,7,18478,19226,19418,19117,19317,19189
6000,MALE,MR NH,8,18188,18547,19237,19526,19177,19458
6000,MALE,MR NH,9,17874,18169,18540,19220,19431,19096
6000,MALE,MR NH,10,16944,17817,18243,18559,19331,19547
6000,MALE,MR NH,11,16491,16807,17765,18124,18455,19291
6000,MALE,MR NH,12,16680,16611,16871,17774,18178,18417
6000,MALE,MR NH,13,16231,16490,16458,16799,17667,18047
6000,MALE,MR NH,14,15745,16282,16505,16484,16850,17686
6000,MALE,MR NH,15,15049,15944,16532,16649,16378,16997
6000,MALE,MR NH,16,14720,15084,15910,16477,16557,16295
6000,MALE,MR NH,17,13841,14781,15089,15925,16524,16499
6000,MALE,MR NH,18,14496,16368,17671,17888,18545,19172
6000,MALE,MR NH,19,14227,15787,17878,19224,19333,20197
6000,MALE,MR NH,20,13370,13311,14757,16859,18331,18230
6000,MALE,MR NH,21,13263,13038,12907,14317,16479,17825
6000,MALE,MR NH,22,12945,12449,12470,12236,13645,15820
6000,MALE,MR NH,23,12778,12440,11941,11797,11540,13115
6000,MALE,MR NH,24,12990,12582,12350,11810,11718,11447
6000,MALE,MR NH,25,13290,12947,12929,12399,11968,11610
6000,MALE,MR NH,26,12931,12957,12695,12589,12086,11594
6000,MALE,MR NH,27,12896,12957,12851,12923,12680,12246
6000,MALE,MR NH,28,12238,12953,13015,12922,13030,12675
6000,MALE,MR NH,29,12520,12208,12985,13042,12874,13112
6000,MALE,MR NH,30,11590,12580,12300,13134,13116,12880
6000,MALE,MR NH,31,11242,11724,12778,12515,13292,13186
6000,MALE,MR NH,32,10463,11283,11696,12760,12520,13185
6000,MALE,MR NH,33,10142,10593,11431,11721,12812,12709
6000,MALE,MR NH,34,9364,10045,10663,11489,11839,12800
6000,MALE,MR NH,35,9115,9133,9903,10560,11359,11736
6000,MALE,MR NH,36,8724,9121,9392,9997,10714,11407
6000,MALE,MR NH,37,8698,8807,9199,9544,9998,10838
6000,MALE,MR NH,38,8446,8736,8852,9286,9526,10132
6000,MALE,MR NH,39,8265,8364,8836,8924,9191,9554
6000,MALE,MR NH,40,7677,8253,8331,8873,8992,9163
6000,MALE,MR NH,41,7436,7787,8315,8507,8919,9006
6000,MALE,MR NH,42,6937,7440,7846,8327,8497,8968
6000,MALE,MR NH,43,6703,6910,7373,7804,8226,8402
6000,MALE,MR NH,44,6184,6895,7033,7485,7841,8378
6000,MALE,MR NH,45,6027,6120,6872,7342,7793,7986
6000,MALE,MR NH,46,5802,6062,6124,6916,7366,7801
6000,MALE,MR NH,47,5733,5803,6052,6122,6921,7330
6000,MALE,MR NH,48,5961,5707,5980,6178,6223,6993
6000,MALE,MR NH,49,6236,6024,5746,6082,6208,6190
6000,MALE,MR NH,50,6035,6274,6063,5850,6174,6222
6000,MALE,MR NH,51,5703,6022,6293,6086,5798,6070
6000,MALE,MR NH,52,5688,5612,6012,6244,6049,5709
6000,MALE,MR NH,53,5242,5742,5743,6044,6292,6061
6000,MALE,MR NH,54,5186,5172,5852,5878,6059,6354
6000,MALE,MR NH,55,5193,5213,5091,5899,5790,5969
6000,MALE,MR NH,56,5324,5136,5139,5022,5809,5718
6000,MALE,MR NH,57,5461,5298,5193,5138,5079,5847
6000,MALE,MR NH,58,5393,5524,5442,5399,5149,5249
6000,MALE,MR NH,59,5144,5363,5489,5434,5316,5070
6000,MALE,MR NH,60,5221,5081,5312,5539,5425,5272
6000,MALE,MR NH,61,4862,5216,5114,5341,5614,5392
6000,MALE,MR NH,62,4768,4925,5152,5179,5343,5536
6000,MALE,MR NH,63,4446,4926,4997,5185,5054,5386
6000,MALE,MR NH,64,4180,4512,4972,5019,5161,5049
6000,MALE,MR NH,65,3889,4109,4457,4968,4926,5073
6000,MALE,MR NH,66,3628,3933,4101,4428,4906,4910
6000,MALE,MR NH,67,3363,3576,3879,4067,4310,4777
6000,MALE,MR NH,68,3055,3378,3595,3893,3997,4241
6000,MALE,MR NH,69,2855,3007,3372,3589,3799,3922
6000,MALE,MR NH,70,2795,2825,2987,3362,3526,3742
6000,MALE,MR NH,71,2502,2786,2821,2986,3303,3495
6000,MALE,MR NH,72,2415,2469,2719,2784,2843,3156
6000,MALE,MR NH,73,2423,2414,2481,2734,2746,2798
6000,MALE,MR NH,74,1966,2404,2558,2589,2619,2683
6000,MALE,MR NH,75,1666,1997,2482,2615,2583,2623
6000,MALE,MR NH,76,1468,1667,1987,2467,2520,2473
6000,MALE,MR NH,77,1410,1473,1685,2009,2395,2443
6000,MALE,MR NH,78,1303,1435,1507,1718,1962,2352
6000,MALE,MR NH,79,1153,1270,1398,1464,1627,1848
6000,MALE,MR NH,80,1040,1166,1292,1423,1436,1586
6000,MALE,MR NH,81,923,1050,1161,1284,1316,1341
6000,MALE,MR NH,82,842,958,1064,1175,1231,1248
6000,MALE,MR NH,83,781,848,968,1082,1111,1183
6000,MALE,MR NH,84,704,773,836,946,998,1025
6000,MALE,MR NH,85,723,701,771,835,883,919
6000,MALE,MR NH,86,634,719,704,766,766,785
6000,MALE,MR NH,87,537,645,731,695,696,686
6000,MALE,MR NH,88,484,533,649,734,636,636
6000,MALE,MR NH,89,381,487,530,642,631,542
6000,MALE,MR NH,90,352,385,490,532,563,560
6000,MALE,MR NH,91,290,345,377,482,437,439
6000,MALE,MR NH,92,223,301,360,396,403,370
6000,MALE,MR NH,93,175,206,282,337,295,309
6000,MALE,MR NH,94,154,172,201,276,268,224
6000,MALE,MR NH,95,118,153,171,200,218,204
6000,MALE,MR NH,96,80,114,148,163,147,162
6000,MALE,MR NH,97,59,89,123,148,126,119
6000,MALE,MR NH,98,57,69,99,129,132,97
6000,MALE,MR NH,99,48,34,46,74,75,92
6000,MALE,MR NH,100,28,46,29,40,51,56
6000,MALE,MR NH,101,26,27,45,27,22,31
6000,MALE,MR NH,102,5,30,30,47,19,17
6000,MALE,MR NH,103,4,1,26,25,21,10
6000,MALE,MR NH,104,1,4,1,25,18,13
6000,MALE,MR NH,105,14,1,4,1,11,8
6000,MALE,MR NH,106,14,14,1,4,1,5
6000,MALE,MR NH,107,5,14,14,1,2,1
6000,MALE,MR NH,108,3,5,14,13,0,1
6000,MALE,MR NH,109,1,3,5,14,9,0
6000,MALE,MR NH,110,20,21,24,28,12,8
6000,MALE,HISPANIC,0,112354,95861,101343,100784,86558,84555
6000,MALE,HISPANIC,1,116973,111971,95436,100897,100076,85852
6000,MALE,HISPANIC,2,117788,113865,109163,93411,99054,97912
6000,MALE,HISPANIC,3,121203,115246,112258,107180,92561,97994
6000,MALE,HISPANIC,4,125281,118232,113470,110335,105875,91987
6000,MALE,HISPANIC,5,126914,122989,116488,111921,108938,104475
6000,MALE,HISPANIC,6,127646,124577,121624,115624,110683,107838
6000,MALE,HISPANIC,7,128611,125709,123262,120122,114492,109890
6000,MALE,HISPANIC,8,130031,126285,124379,122125,119320,113695
6000,MALE,HISPANIC,9,134101,128306,124456,123394,120849,118502
6000,MALE,HISPANIC,10,137825,131799,126411,123063,121941,119736
6000,MALE,HISPANIC,11,141294,136264,130606,125403,122318,121330
6000,MALE,HISPANIC,12,145442,138460,134266,128243,124077,121117
6000,MALE,HISPANIC,13,145370,143023,136830,132848,127318,123744
6000,MALE,HISPANIC,14,140515,143009,140834,134881,130779,126124
6000,MALE,HISPANIC,15,136419,139277,142123,139713,133822,130335
6000,MALE,HISPANIC,16,133754,133877,137226,140080,138233,132020
6000,MALE,HISPANIC,17,130180,131941,132643,135412,138406,136817
6000,MALE,HISPANIC,18,131930,149355,154651,159760,160163,160716
6000,MALE,HISPANIC,19,125955,130966,148402,154369,161497,162091
6000,MALE,HISPANIC,20,124723,121230,125994,140342,146985,153999
6000,MALE,HISPANIC,21,122950,118129,115233,118784,133544,140503
6000,MALE,HISPANIC,22,121908,114898,110846,108270,112678,127266
6000,MALE,HISPANIC,23,122745,113316,106938,103625,101970,106549
6000,MALE,HISPANIC,24,123102,115940,107371,102296,99777,98608
6000,MALE,HISPANIC,25,124221,116185,107912,99615,94303,91806
6000,MALE,HISPANIC,26,125777,110648,103888,97273,92523,89979
6000,MALE,HISPANIC,27,127705,120328,107135,100945,95286,91406
6000,MALE,HISPANIC,28,129405,122440,116833,105029,99675,93577
6000,MALE,HISPANIC,29,129831,124283,119247,113841,103210,98667
6000,MALE,HISPANIC,30,127264,124974,121055,116685,111595,101433
6000,MALE,HISPANIC,31,121511,122338,121313,117863,114534,110063
6000,MALE,HISPANIC,32,119680,116894,118782,118723,116110,112559
6000,MALE,HISPANIC,33,117845,115307,113675,116087,116365,114167
6000,MALE,HISPANIC,34,116554,113932,112464,111079,113550,113829
6000,MALE,HISPANIC,35,115316,111455,110032,109385,108138,110874
6000,MALE,HISPANIC,36,112534,111459,108051,107550,107652,106234
6000,MALE,HISPANIC,37,114384,108520,108442,106018,105612,105746
6000,MALE,HISPANIC,38,113121,110065,105100,105621,103678,103110
6000,MALE,HISPANIC,39,111529,109094,106721,102562,103834,101952
6000,MALE,HISPANIC,40,110293,106942,105850,103587,99909,101521
6000,MALE,HISPANIC,41,104435,107098,104123,103677,101977,98319
6000,MALE,HISPANIC,42,102126,101274,103973,101653,101366,100643
6000,MALE,HISPANIC,43,100050,98779,98626,102027,99931,99798
6000,MALE,HISPANIC,44,98118,96430,95695,95881,99799,97852
6000,MALE,HISPANIC,45,96853,94127,92983,92660,93525,97525
6000,MALE,HISPANIC,46,93105,93742,91630,90830,90718,92153
6000,MALE,HISPANIC,47,92325,90326,91457,89566,89165,89373
6000,MALE,HISPANIC,48,91633,88924,87394,88948,87592,87247
6000,MALE,HISPANIC,49,93715,88450,86556,85251,86975,85761
6000,MALE,HISPANIC,50,93207,90007,85543,84186,83290,84877
6000,MALE,HISPANIC,51,89761,90074,87329,83795,82297,81540
6000,MALE,HISPANIC,52,86082,86402,87691,85173,81600,80561
6000,MALE,HISPANIC,53,83092,82695,83656,85404,82971,79898
6000,MALE,HISPANIC,54,81418,79572,80131,81274,83288,80882
6000,MALE,HISPANIC,55,80164,77435,76564,77619,79099,81074
6000,MALE,HISPANIC,56,76252,76612,75305,74391,75549,77327
6000,MALE,HISPANIC,57,72603,73063,74238,73552,72190,73746
6000,MALE,HISPANIC,58,69791,68954,70189,71647,71402,69939
6000,MALE,HISPANIC,59,66273,66703,66528,67955,69655,69984
6000,MALE,HISPANIC,60,64982,62771,64027,64100,65558,67724
6000,MALE,HISPANIC,61,59460,61902,60232,61748,62055,63420
6000,MALE,HISPANIC,62,56711,56438,59390,58029,59666,60029
6000,MALE,HISPANIC,63,52728,53767,54283,57008,56136,57959
6000,MALE,HISPANIC,64,50221,49641,51193,51892,54978,54535
6000,MALE,HISPANIC,65,47331,47242,47092,48738,49807,53262
6000,MALE,HISPANIC,66,42743,44912,45175,45276,47060,48132
6000,MALE,HISPANIC,67,39194,40625,43237,43442,43790,45644
6000,MALE,HISPANIC,68,36383,37090,38705,41506,41909,42296
6000,MALE,HISPANIC,69,33172,33920,35257,36766,39809,40282
6000,MALE,HISPANIC,70,31100,30806,31942,33456,35148,38435
6000,MALE,HISPANIC,71,28556,28947,29132,30551,31934,33787
6000,MALE,HISPANIC,72,26823,26542,27279,27625,29016,30532
6000,MALE,HISPANIC,73,25013,24863,24877,25855,26401,28050
6000,MALE,HISPANIC,74,20832,23155,23338,23432,24646,25478
6000,MALE,HISPANIC,75,19133,19467,21787,22377,22571,23702
6000,MALE,HISPANIC,76,17632,18079,18724,21007,21483,21758
6000,MALE,HISPANIC,77,15664,16767,17450,18176,20216,20862
6000,MALE,HISPANIC,78,14371,14529,15959,16633,17420,19255
6000,MALE,HISPANIC,79,12798,13443,13869,15461,15977,16862
6000,MALE,HISPANIC,80,11853,11732,12661,13077,14620,15244
6000,MALE,HISPANIC,81,10958,10922,11030,11999,12171,13729
6000,MALE,HISPANIC,82,9762,9950,10166,10292,11088,11390
6000,MALE,HISPANIC,83,8710,8802,9395,9595,9673,10372
6000,MALE,HISPANIC,84,7965,7788,8089,8645,8883,9010
6000,MALE,HISPANIC,85,6886,6923,6977,7318,7885,8163
6000,MALE,HISPANIC,86,5888,5952,6251,6322,6397,6944
6000,MALE,HISPANIC,87,5161,5049,5276,5611,5534,5588
6000,MALE,HISPANIC,88,4482,4372,4335,4665,4902,4900
6000,MALE,HISPANIC,89,4147,3782,3855,3779,4147,4393
6000,MALE,HISPANIC,90,3445,3448,3244,3430,3373,3834
6000,MALE,HISPANIC,91,2959,2887,2931,2760,2805,2721
6000,MALE,HISPANIC,92,2333,2310,2270,2404,2190,2278
6000,MALE,HISPANIC,93,1817,1717,1775,1722,1899,1705
6000,MALE,HISPANIC,94,1339,1318,1274,1349,1339,1522
6000,MALE,HISPANIC,95,1003,920,936,873,1069,1076
6000,MALE,HISPANIC,96,803,701,650,643,587,756
6000,MALE,HISPANIC,97,642,545,500,435,431,416
6000,MALE,HISPANIC,98,425,421,338,310,313,281
6000,MALE,HISPANIC,99,275,266,261,193,198,212
6000,MALE,HISPANIC,100,159,149,128,94,134,137
6000,MALE,HISPANIC,101,85,47,85,53,45,73
6000,MALE,HISPANIC,102,42,69,41,42,29,23
6000,MALE,HISPANIC,103,21,40,66,34,21,17
6000,MALE,HISPANIC,104,13,21,38,60,18,14
6000,MALE,HISPANIC,105,20,14,22,33,36,10
6000,MALE,HISPANIC,106,16,19,13,21,16,13
6000,MALE,HISPANIC,107,8,16,19,13,7,7
6000,MALE,HISPANIC,108,3,8,16,18,8,4
6000,MALE,HISPANIC,109,0,3,8,16,6,4
6000,MALE,HISPANIC,110,55,55,58,61,23,9
